HTime,HThrottle,HBrake,HDRS,HRPM,HSpeed,HnGear,HLapPercentage
2021-09-05 00:00:00 +0000 UTC,100,0,12,11047,307,8,1.5028830178181237e-05
2021-09-05 00:00:00.007 +0000 UTC,100,0,12,11045,308,8,0.0001563339972129494
2021-09-05 00:00:00.055 +0000 UTC,100,0,12,11075,308,8,0.001125670202799462
2021-09-05 00:00:00.247 +0000 UTC,100,0,12,11105,309,8,0.005009297259377998
2021-09-05 00:00:00.275 +0000 UTC,100,0,12,11105,309,8,0.005576499383697621
2021-09-05 00:00:00.487 +0000 UTC,100,0,12,11106,310,8,0.0098779659042685
2021-09-05 00:00:00.495 +0000 UTC,100,0,12,11117,310,8,0.01004052527224453
2021-09-05 00:00:00.715 +0000 UTC,100,0,12,11128,310,8,0.014517747696688978
2021-09-05 00:00:00.727 +0000 UTC,100,0,12,11139,311,8,0.014762339931884456
2021-09-05 00:00:00.935 +0000 UTC,100,0,12,11166,311,8,0.019008175204771643
2021-09-05 00:00:00.967 +0000 UTC,100,0,12,11194,312,8,0.019662419342225863
2021-09-05 00:00:01.155 +0000 UTC,100,0,12,11207,312,8,0.023511726316546296
2021-09-05 00:00:01.207 +0000 UTC,100,0,12,11220,313,8,0.024578204135292724
2021-09-05 00:00:01.375 +0000 UTC,100,0,12,11209,313,8,0.02802929888480731
2021-09-05 00:00:01.408 +0000 UTC,100,0,12,11198,314,8,0.028708327157518785
2021-09-05 00:00:01.595 +0000 UTC,100,0,12,11225,314,8,0.032562631208440794
2021-09-05 00:00:01.648 +0000 UTC,100,0,12,11253,315,8,0.03365552271603656
2021-09-05 00:00:01.815 +0000 UTC,100,0,12,11257,315,8,0.03709813378156029
2021-09-05 00:00:01.888 +0000 UTC,100,0,12,11261,315,8,0.038602718274554325
2021-09-05 00:00:02.035 +0000 UTC,100,0,12,11278,315,8,0.04163227879695883
2021-09-05 00:00:02.128 +0000 UTC,100,0,12,11295,315,8,0.043549913833072086
2021-09-05 00:00:02.255 +0000 UTC,100,0,12,11298,315,8,0.04617084565827512
2021-09-05 00:00:02.368 +0000 UTC,100,0,12,11302,316,8,0.048512814774315315
2021-09-05 00:00:02.456 +0000 UTC,100,0,12,11306,315,8,0.050347696719900956
2021-09-05 00:00:02.608 +0000 UTC,100,0,12,11311,315,8,0.053460010332833076
2021-09-05 00:00:02.676 +0000 UTC,100,50,12,11286,303,8,0.05478131879850985
2021-09-05 00:00:02.848 +0000 UTC,100,100,8,11262,291,8,0.05803027670593997
2021-09-05 00:00:02.896 +0000 UTC,50,100,8,10702,291,8,0.05895981272356861
2021-09-05 00:00:03.088 +0000 UTC,0,100,8,10142,291,8,0.06260054307904685
2021-09-05 00:00:03.115 +0000 UTC,0,100,8,9632,259,8,0.06305572797253325
2021-09-05 00:00:03.328 +0000 UTC,0,100,8,9123,228,8,0.06618137034045019
2021-09-05 00:00:03.335 +0000 UTC,0,100,8,9068,217,8,0.06627658960383823
2021-09-05 00:00:03.555 +0000 UTC,0,100,8,9013,207,8,0.06911482607466404
2021-09-05 00:00:03.568 +0000 UTC,0,100,8,8959,197,8,0.06927533073736447
2021-09-05 00:00:03.775 +0000 UTC,0,100,8,9197,188,8,0.07173164900228807
2021-09-05 00:00:03.808 +0000 UTC,0,100,8,9436,180,6,0.07210229962794605
2021-09-05 00:00:03.995 +0000 UTC,0,100,8,9560,170,6,0.07409069711203317
2021-09-05 00:00:04.048 +0000 UTC,0,100,8,9685,161,6,0.07463086624674403
2021-09-05 00:00:04.215 +0000 UTC,0,100,8,9668,155,6,0.07628422285094297
2021-09-05 00:00:04.288 +0000 UTC,0,100,8,9652,150,4,0.07698667365556201
2021-09-05 00:00:04.435 +0000 UTC,0,100,8,9714,146,4,0.07836711225811081
2021-09-05 00:00:04.528 +0000 UTC,1,100,8,9777,142,3,0.07921683800257638
2021-09-05 00:00:04.655 +0000 UTC,5,50,8,9615,138,3,0.08034760623920387
2021-09-05 00:00:04.768 +0000 UTC,10,0,8,9454,135,3,0.08133706467051256
2021-09-05 00:00:04.875 +0000 UTC,15,0,8,9286,133,3,0.08226893798486506
2021-09-05 00:00:05.008 +0000 UTC,21,0,8,9119,132,3,0.08341017519027238
2021-09-05 00:00:05.095 +0000 UTC,30,0,8,9116,129,3,0.08413906737688984
2021-09-05 00:00:05.248 +0000 UTC,39,0,8,9113,127,3,0.08540475879640495
2021-09-05 00:00:05.315 +0000 UTC,44,0,8,9180,127,3,0.08596302105155393
2021-09-05 00:00:05.488 +0000 UTC,49,0,8,9247,128,3,0.08741504778526296
2021-09-05 00:00:05.535 +0000 UTC,53,0,8,9399,129,3,0.0878111476867333
2021-09-05 00:00:05.727 +0000 UTC,58,0,8,9551,130,3,0.08944824045726225
2021-09-05 00:00:05.755 +0000 UTC,59,0,8,9730,133,3,0.08969253723173708
2021-09-05 00:00:05.967 +0000 UTC,61,0,8,9910,136,3,0.0915841725079239
2021-09-05 00:00:05.975 +0000 UTC,61,0,8,9976,137,3,0.09165639172940354
2021-09-05 00:00:06.195 +0000 UTC,62,0,8,10042,138,3,0.09367029015567573
2021-09-05 00:00:06.207 +0000 UTC,63,0,8,10108,140,3,0.09378292608948735
2021-09-05 00:00:06.415 +0000 UTC,70,0,8,10404,144,3,0.0957898555049367
2021-09-05 00:00:06.447 +0000 UTC,77,0,8,10700,148,3,0.09610732273285441
2021-09-05 00:00:06.635 +0000 UTC,83,0,8,11048,152,3,0.09801710509846843
2021-09-05 00:00:06.687 +0000 UTC,89,0,8,11396,156,3,0.09855736243802513
2021-09-05 00:00:06.855 +0000 UTC,94,0,8,11691,160,3,0.10033907108088251
2021-09-05 00:00:06.927 +0000 UTC,100,0,8,11986,164,3,0.10113304520499945
2021-09-05 00:00:07.075 +0000 UTC,100,0,8,11651,171,3,0.10283691841789032
2021-09-05 00:00:07.167 +0000 UTC,100,0,8,11316,178,3,0.10392860333013013
2021-09-05 00:00:07.295 +0000 UTC,100,0,8,11548,182,3,0.10547434000936826
2021-09-05 00:00:07.407 +0000 UTC,100,0,8,11781,187,4,0.10686550989978988
2021-09-05 00:00:07.515 +0000 UTC,100,0,8,12026,192,4,0.10825134276139428
2021-09-05 00:00:07.647 +0000 UTC,100,0,8,12271,198,4,0.10997517567942962
2021-09-05 00:00:07.735 +0000 UTC,100,0,8,11781,199,4,0.11112161281447412
2021-09-05 00:00:07.887 +0000 UTC,100,0,8,11291,200,5,0.11311625222452028
2021-09-05 00:00:07.955 +0000 UTC,100,0,8,11290,203,5,0.11402647364831531
2021-09-05 00:00:08.088 +0000 UTC,100,0,8,11289,207,5,0.11583897663726166
2021-09-05 00:00:08.175 +0000 UTC,100,0,8,11473,211,5,0.1170466806064096
2021-09-05 00:00:08.328 +0000 UTC,100,0,8,11657,215,5,0.11921563392323412
2021-09-05 00:00:08.395 +0000 UTC,100,0,8,11852,219,5,0.12018516515326924
2021-09-05 00:00:08.568 +0000 UTC,100,0,8,12047,224,5,0.12273363965373564
2021-09-05 00:00:08.615 +0000 UTC,100,0,8,11417,226,5,0.12343272390459768
2021-09-05 00:00:08.808 +0000 UTC,100,0,8,10787,229,5,0.1263301722978644
2021-09-05 00:00:08.835 +0000 UTC,100,0,8,10844,230,5,0.1267387413480191
2021-09-05 00:00:09.036 +0000 UTC,100,0,8,10901,231,5,0.1298050614043365
2021-09-05 00:00:09.048 +0000 UTC,100,0,8,10958,233,6,0.129989526472895
2021-09-05 00:00:09.256 +0000 UTC,100,0,8,11044,235,6,0.13321184346468556
2021-09-05 00:00:09.288 +0000 UTC,100,0,8,11131,237,6,0.1337117021788274
2021-09-05 00:00:09.476 +0000 UTC,100,0,8,11222,239,6,0.1366707744532897
2021-09-05 00:00:09.528 +0000 UTC,100,0,8,11313,241,6,0.13749669941566167
2021-09-05 00:00:09.695 +0000 UTC,100,0,8,11339,243,6,0.1401709007466185
2021-09-05 00:00:09.768 +0000 UTC,100,0,8,11366,245,6,0.14134451818339772
2021-09-05 00:00:09.915 +0000 UTC,100,0,8,11437,245,6,0.14370984620528918
2021-09-05 00:00:10.008 +0000 UTC,100,0,8,11508,246,6,0.1452080423338592
2021-09-05 00:00:10.135 +0000 UTC,82,50,8,11345,245,6,0.14725639737172821
2021-09-05 00:00:10.248 +0000 UTC,64,100,8,11182,245,6,0.14905586110159524
2021-09-05 00:00:10.355 +0000 UTC,42,100,8,10971,239,6,0.15071986927254286
2021-09-05 00:00:10.488 +0000 UTC,21,100,8,10761,234,6,0.15273092065935132
2021-09-05 00:00:10.575 +0000 UTC,21,100,8,10424,227,6,0.1540097506130776
2021-09-05 00:00:10.728 +0000 UTC,22,100,8,10087,220,6,0.156186104858951
2021-09-05 00:00:10.795 +0000 UTC,22,100,8,10513,213,6,0.1571086697195493
2021-09-05 00:00:10.968 +0000 UTC,22,100,8,10939,206,6,0.15942141370039437
2021-09-05 00:00:11.015 +0000 UTC,34,50,8,10904,202,6,0.16003936600825022
2021-09-05 00:00:11.208 +0000 UTC,46,0,8,10869,199,5,0.16254678486275956
2021-09-05 00:00:11.235 +0000 UTC,52,0,8,10829,198,5,0.16289656095345595
2021-09-05 00:00:11.448 +0000 UTC,59,0,8,10789,198,5,0.1656564506423993
2021-09-05 00:00:11.455 +0000 UTC,63,0,8,10866,198,5,0.16574737197263453
2021-09-05 00:00:11.675 +0000 UTC,68,0,8,10943,198,5,0.1686123748023698
2021-09-05 00:00:11.688 +0000 UTC,73,0,8,11020,199,5,0.1687818218047645
2021-09-05 00:00:11.895 +0000 UTC,78,0,8,11053,199,5,0.17148668784406865
2021-09-05 00:00:11.928 +0000 UTC,83,0,8,11086,200,5,0.17192289834985514
2021-09-05 00:00:12.115 +0000 UTC,72,50,8,10898,201,5,0.1744131501330973
2021-09-05 00:00:12.168 +0000 UTC,62,100,8,10711,202,5,0.1750953856603967
2021-09-05 00:00:12.335 +0000 UTC,32,100,8,10298,193,5,0.17713278017914433
2021-09-05 00:00:12.408 +0000 UTC,2,100,8,9886,184,5,0.1779851760818801
2021-09-05 00:00:12.555 +0000 UTC,2,100,8,10070,177,5,0.17964894958005542
2021-09-05 00:00:12.647 +0000 UTC,3,100,8,10254,171,4,0.1806596064427407
2021-09-05 00:00:12.775 +0000 UTC,2,50,8,10656,166,4,0.1820313014031152
2021-09-05 00:00:12.887 +0000 UTC,2,0,8,11059,162,3,0.1832038784442641
2021-09-05 00:00:12.995 +0000 UTC,2,0,8,10864,158,3,0.1843142166007325
2021-09-05 00:00:13.127 +0000 UTC,2,0,8,10669,155,3,0.1856382127667094
2021-09-05 00:00:13.215 +0000 UTC,3,0,8,10407,151,3,0.18649634577658264
2021-09-05 00:00:13.367 +0000 UTC,5,0,8,10145,147,3,0.18794690402735098
2021-09-05 00:00:13.435 +0000 UTC,11,0,8,9946,145,3,0.1885915820163476
2021-09-05 00:00:13.607 +0000 UTC,17,0,8,9747,143,3,0.1901927737570908
2021-09-05 00:00:13.655 +0000 UTC,19,0,8,9642,138,3,0.1906240014005709
2021-09-05 00:00:13.847 +0000 UTC,22,0,8,9537,134,3,0.19229729504230153
2021-09-05 00:00:13.875 +0000 UTC,32,0,8,9397,133,3,0.1925394599084786
2021-09-05 00:00:14.087 +0000 UTC,43,0,8,9258,132,3,0.19437040556206137
2021-09-05 00:00:14.095 +0000 UTC,46,0,8,9313,132,3,0.19443965044414754
2021-09-05 00:00:14.315 +0000 UTC,50,0,8,9369,132,3,0.19635384944985373
2021-09-05 00:00:14.327 +0000 UTC,54,0,8,9425,133,3,0.19645922146454664
2021-09-05 00:00:14.528 +0000 UTC,62,0,8,10013,136,3,0.19824806455697574
2021-09-05 00:00:14.535 +0000 UTC,65,0,8,10091,138,3,0.19831163338270347
2021-09-05 00:00:14.755 +0000 UTC,68,0,8,10169,140,3,0.2003553896035731
2021-09-05 00:00:14.768 +0000 UTC,71,0,8,10248,142,3,0.2004782289039901
2021-09-05 00:00:14.975 +0000 UTC,74,0,8,10542,144,3,0.20246347499368478
2021-09-05 00:00:15.008 +0000 UTC,77,0,8,10836,147,3,0.20278692016463173
2021-09-05 00:00:15.195 +0000 UTC,78,0,8,10958,150,3,0.2046563213179997
2021-09-05 00:00:15.248 +0000 UTC,79,0,8,11081,153,3,0.20518984372162608
2021-09-05 00:00:15.415 +0000 UTC,86,0,8,11366,154,3,0.20687254032929023
2021-09-05 00:00:15.488 +0000 UTC,93,0,8,11651,155,3,0.20762417804407135
2021-09-05 00:00:15.616 +0000 UTC,96,0,8,11772,160,3,0.20897970354415887
2021-09-05 00:00:15.728 +0000 UTC,100,0,8,11894,165,3,0.21021556619377113
2021-09-05 00:00:15.836 +0000 UTC,100,0,8,12076,172,3,0.21145952044415753
2021-09-05 00:00:15.968 +0000 UTC,100,0,8,12258,179,3,0.21302682970162726
2021-09-05 00:00:16.056 +0000 UTC,100,0,8,12102,182,3,0.2140838535470826
2021-09-05 00:00:16.208 +0000 UTC,100,0,8,11947,186,4,0.21594803088856157
2021-09-05 00:00:16.275 +0000 UTC,100,0,8,12113,191,4,0.2167944330220692
2021-09-05 00:00:16.448 +0000 UTC,100,0,8,12280,196,4,0.2190262859027504
2021-09-05 00:00:16.495 +0000 UTC,100,0,8,12165,197,4,0.219633801183033
2021-09-05 00:00:16.688 +0000 UTC,100,0,8,12050,199,4,0.22215165706511558
2021-09-05 00:00:16.715 +0000 UTC,100,0,8,11582,204,4,0.22251239474022866
2021-09-05 00:00:16.928 +0000 UTC,100,0,8,11115,209,5,0.2254340820547353
2021-09-05 00:00:16.935 +0000 UTC,100,0,8,11316,211,5,0.2255319297273887
2021-09-05 00:00:17.155 +0000 UTC,100,0,8,11517,214,5,0.2286554873773133
2021-09-05 00:00:17.168 +0000 UTC,100,0,8,11719,217,5,0.2288421501061587
2021-09-05 00:00:17.375 +0000 UTC,100,0,8,11881,219,5,0.23184324679579082
2021-09-05 00:00:17.408 +0000 UTC,100,0,8,12043,222,5,0.2323287450712093
2021-09-05 00:00:17.595 +0000 UTC,100,0,8,11929,225,5,0.23512065869278548
2021-09-05 00:00:17.688 +0000 UTC,100,0,8,11815,229,5,0.2365246998226929
2021-09-05 00:00:17.815 +0000 UTC,100,0,8,11586,231,5,0.23845154137838423
2021-09-05 00:00:17.928 +0000 UTC,100,0,8,11358,233,6,0.24018405399772347
2021-09-05 00:00:18.035 +0000 UTC,100,0,8,11305,236,6,0.24184715879465224
2021-09-05 00:00:18.168 +0000 UTC,100,0,8,11252,239,6,0.2439376404691068
2021-09-05 00:00:18.255 +0000 UTC,100,0,8,11316,241,6,0.2453137078157192
2021-09-05 00:00:18.408 +0000 UTC,100,0,8,11380,243,6,0.24775404847139187
2021-09-05 00:00:18.475 +0000 UTC,100,0,8,11504,245,6,0.24883317673959118
2021-09-05 00:00:18.688 +0000 UTC,100,0,8,11629,248,6,0.25229813920662303
2021-09-05 00:00:18.695 +0000 UTC,100,0,8,11678,249,6,0.25241251346849786
2021-09-05 00:00:18.915 +0000 UTC,100,0,8,11727,250,6,0.2560250856316242
2021-09-05 00:00:18.928 +0000 UTC,100,0,8,11777,251,6,0.25624019027071177
2021-09-05 00:00:19.135 +0000 UTC,100,0,8,11685,253,6,0.25969157624319605
2021-09-05 00:00:19.167 +0000 UTC,100,0,8,11593,255,6,0.26022837589655656
2021-09-05 00:00:19.355 +0000 UTC,100,0,8,11048,256,6,0.2633974379633499
2021-09-05 00:00:19.407 +0000 UTC,100,0,8,10503,258,7,0.2642803646397235
2021-09-05 00:00:19.575 +0000 UTC,100,0,8,10588,260,7,0.2671544318572158
2021-09-05 00:00:19.647 +0000 UTC,100,0,8,10674,262,7,0.2683951749137923
2021-09-05 00:00:19.795 +0000 UTC,100,0,8,10715,263,7,0.27096076469217095
2021-09-05 00:00:19.887 +0000 UTC,100,0,8,10756,265,7,0.27255710133603733
2021-09-05 00:00:20.015 +0000 UTC,100,0,8,10794,265,7,0.27477212682204966
2021-09-05 00:00:20.127 +0000 UTC,100,0,8,10832,265,7,0.27671902775828244
2021-09-05 00:00:20.235 +0000 UTC,100,0,8,10883,267,7,0.2786154503806142
2021-09-05 00:00:20.367 +0000 UTC,100,0,8,10935,269,7,0.28094377571142937
2021-09-05 00:00:20.455 +0000 UTC,100,0,8,10971,269,7,0.28249154535944093
2021-09-05 00:00:20.607 +0000 UTC,100,0,8,11007,269,7,0.2851685236645763
2021-09-05 00:00:20.675 +0000 UTC,100,0,8,11032,270,7,0.2863748170810666
2021-09-05 00:00:20.847 +0000 UTC,100,0,8,11057,272,7,0.28944038776589953
2021-09-05 00:00:20.895 +0000 UTC,100,0,8,11088,272,7,0.2902950171037392
2021-09-05 00:00:21.048 +0000 UTC,100,0,8,11119,272,7,0.2930180739507578
2021-09-05 00:00:21.115 +0000 UTC,100,0,8,11113,272,7,0.294212683412196
2021-09-05 00:00:21.328 +0000 UTC,100,0,8,11107,273,7,0.29802023834881464
2021-09-05 00:00:21.335 +0000 UTC,100,0,8,11120,273,7,0.2981455950742753
2021-09-05 00:00:21.555 +0000 UTC,100,0,8,11133,273,7,0.302090429758984
2021-09-05 00:00:21.568 +0000 UTC,100,0,8,11147,274,7,0.3023235132155888
2021-09-05 00:00:21.775 +0000 UTC,100,0,8,11180,274,7,0.30603419442966734
2021-09-05 00:00:21.808 +0000 UTC,100,0,8,11213,274,7,0.306626788082363
2021-09-05 00:00:21.995 +0000 UTC,100,0,8,11197,274,7,0.3099919723926747
2021-09-05 00:00:22.048 +0000 UTC,100,0,8,11181,275,7,0.31094576833186266
2021-09-05 00:00:22.196 +0000 UTC,100,0,8,11206,275,7,0.31360670711083494
2021-09-05 00:00:22.288 +0000 UTC,100,0,8,11231,275,7,0.3152647485813623
2021-09-05 00:00:22.416 +0000 UTC,100,0,8,11220,276,7,0.31758184084666086
2021-09-05 00:00:22.528 +0000 UTC,100,0,8,11209,277,7,0.3196151395963129
2021-09-05 00:00:22.636 +0000 UTC,100,0,8,11239,277,7,0.32157788743870835
2021-09-05 00:00:22.768 +0000 UTC,100,0,8,11270,278,7,0.32398123599398887
2021-09-05 00:00:22.855 +0000 UTC,100,0,8,11282,278,7,0.3255691039871979
2021-09-05 00:00:23.008 +0000 UTC,100,0,8,11294,279,7,0.32836303777439035
2021-09-05 00:00:23.075 +0000 UTC,100,0,8,11282,278,7,0.32958359009317845
2021-09-05 00:00:23.288 +0000 UTC,100,0,8,11270,278,7,0.33345681690501233
2021-09-05 00:00:23.295 +0000 UTC,100,0,8,11275,278,7,0.33358416592371265
2021-09-05 00:00:23.515 +0000 UTC,100,0,8,11280,278,7,0.33758685852806164
2021-09-05 00:00:23.528 +0000 UTC,100,0,8,11285,278,7,0.3378229133026884
2021-09-05 00:00:23.735 +0000 UTC,100,0,8,11294,277,7,0.341574484228479
2021-09-05 00:00:23.768 +0000 UTC,100,0,8,11304,277,7,0.34217330431763887
2021-09-05 00:00:23.955 +0000 UTC,100,0,8,11309,277,7,0.34557472794721766
2021-09-05 00:00:24.008 +0000 UTC,100,0,8,11315,278,7,0.3465394007153149
2021-09-05 00:00:24.175 +0000 UTC,100,0,8,11327,278,7,0.34957779136012224
2021-09-05 00:00:24.248 +0000 UTC,100,0,8,11340,278,7,0.3509054971129909
2021-09-05 00:00:24.395 +0000 UTC,100,0,8,11334,278,7,0.35357851950259206
2021-09-05 00:00:24.488 +0000 UTC,100,0,8,11329,278,7,0.35527159351066695
2021-09-05 00:00:24.615 +0000 UTC,100,0,8,11329,278,7,0.35758822096566667
2021-09-05 00:00:24.728 +0000 UTC,100,0,8,11329,279,7,0.3596533952910684
2021-09-05 00:00:24.835 +0000 UTC,100,0,8,11366,279,7,0.36161188798996735
2021-09-05 00:00:24.968 +0000 UTC,100,0,8,11404,280,7,0.36405090245419525
2021-09-05 00:00:25.055 +0000 UTC,100,0,8,11434,280,7,0.36564952799041806
2021-09-05 00:00:25.208 +0000 UTC,100,0,8,11465,281,7,0.36846411500004767
2021-09-05 00:00:25.275 +0000 UTC,99,0,8,11452,281,7,0.369696206950244
2021-09-05 00:00:25.448 +0000 UTC,99,0,8,11439,281,7,0.3728773275459
2021-09-05 00:00:25.495 +0000 UTC,95,0,8,11425,281,7,0.37374200519386347
2021-09-05 00:00:25.688 +0000 UTC,91,0,8,11412,281,7,0.3772905400917524
2021-09-05 00:00:25.715 +0000 UTC,91,0,8,11402,280,7,0.377785642953258
2021-09-05 00:00:25.927 +0000 UTC,92,0,8,11392,279,7,0.3816540843647355
2021-09-05 00:00:25.935 +0000 UTC,89,0,8,11342,277,7,0.38179901752935297
2021-09-05 00:00:26.155 +0000 UTC,86,0,8,11292,276,7,0.3857577931968178
2021-09-05 00:00:26.167 +0000 UTC,83,0,8,11242,275,7,0.38597306461423514
2021-09-05 00:00:26.375 +0000 UTC,81,0,8,11142,274,7,0.3896935454172362
2021-09-05 00:00:26.407 +0000 UTC,80,0,8,11043,273,7,0.3902606340982838
2021-09-05 00:00:26.595 +0000 UTC,82,0,8,11038,270,7,0.3935591583638896
2021-09-05 00:00:26.647 +0000 UTC,85,0,8,11033,268,7,0.3944696766687053
2021-09-05 00:00:26.815 +0000 UTC,92,0,8,10989,268,7,0.3974180557902378
2021-09-05 00:00:26.887 +0000 UTC,100,0,8,10946,268,7,0.39867871923912673
2021-09-05 00:00:27.035 +0000 UTC,100,0,8,10939,267,7,0.40125777155335124
2021-09-05 00:00:27.127 +0000 UTC,100,0,8,10933,266,7,0.4028563510440974
2021-09-05 00:00:27.255 +0000 UTC,100,0,8,10874,265,7,0.4050779538963782
2021-09-05 00:00:27.367 +0000 UTC,100,0,8,10816,265,7,0.40701827746634245
2021-09-05 00:00:27.475 +0000 UTC,100,0,8,10822,264,7,0.40888521192137317
2021-09-05 00:00:27.607 +0000 UTC,100,0,8,10828,264,7,0.4111644985058621
2021-09-05 00:00:27.695 +0000 UTC,100,0,8,10818,264,7,0.41268461330334105
2021-09-05 00:00:27.808 +0000 UTC,100,0,8,10808,264,7,0.41463695862645983
2021-09-05 00:00:27.915 +0000 UTC,100,0,8,10824,264,7,0.41648558923098666
2021-09-05 00:00:28.048 +0000 UTC,100,0,8,10840,264,7,0.4187831796659795
2021-09-05 00:00:28.135 +0000 UTC,100,0,8,10830,264,7,0.42028582995742464
2021-09-05 00:00:28.288 +0000 UTC,100,0,8,10821,264,7,0.4229294007054991
2021-09-05 00:00:28.355 +0000 UTC,100,0,8,10856,264,7,0.42408831575834705
2021-09-05 00:00:28.528 +0000 UTC,100,0,8,10892,265,7,0.4270913271277442
2021-09-05 00:00:28.575 +0000 UTC,100,0,8,10910,266,7,0.4279126483694358
2021-09-05 00:00:28.768 +0000 UTC,100,0,8,10928,268,7,0.43130036969816565
2021-09-05 00:00:28.776 +0000 UTC,100,0,8,10960,268,7,0.4314406303593519
2021-09-05 00:00:28.996 +0000 UTC,100,0,8,10992,268,7,0.4352941957564021
2021-09-05 00:00:29.048 +0000 UTC,100,0,8,11024,268,7,0.43621091936365736
2021-09-05 00:00:29.216 +0000 UTC,100,0,8,11051,270,7,0.43919644571896316
2021-09-05 00:00:29.288 +0000 UTC,100,0,8,11078,272,7,0.44048278346498065
2021-09-05 00:00:29.435 +0000 UTC,100,0,8,11132,273,7,0.44311669928783837
2021-09-05 00:00:29.528 +0000 UTC,100,0,8,11187,274,7,0.4447860583317549
2021-09-05 00:00:29.655 +0000 UTC,100,0,8,11237,274,7,0.4470674197754084
2021-09-05 00:00:29.768 +0000 UTC,100,0,8,11288,275,7,0.4491050385812545
2021-09-05 00:00:29.875 +0000 UTC,100,0,8,11272,276,7,0.4510459199554607
2021-09-05 00:00:30.008 +0000 UTC,100,0,8,11256,278,7,0.45347113497893055
2021-09-05 00:00:30.095 +0000 UTC,100,0,8,11339,279,7,0.4550631248882616
2021-09-05 00:00:30.248 +0000 UTC,100,0,8,11423,280,7,0.4578686421420574
2021-09-05 00:00:30.315 +0000 UTC,67,50,8,11281,278,7,0.45909666485193523
2021-09-05 00:00:30.488 +0000 UTC,35,100,8,11140,277,7,0.462219033157008
2021-09-05 00:00:30.535 +0000 UTC,31,100,8,10966,270,7,0.46303585302410016
2021-09-05 00:00:30.755 +0000 UTC,27,100,8,10792,263,7,0.4666982791537172
2021-09-05 00:00:30.768 +0000 UTC,23,100,8,10618,256,7,0.46690970746434335
2021-09-05 00:00:30.975 +0000 UTC,21,50,8,10883,250,7,0.470220926913438
2021-09-05 00:00:31.008 +0000 UTC,20,0,8,11149,244,7,0.470741820849354
2021-09-05 00:00:31.195 +0000 UTC,33,0,8,11068,241,7,0.47366321933659555
2021-09-05 00:00:31.248 +0000 UTC,47,0,8,10987,238,6,0.4744797019380118
2021-09-05 00:00:31.415 +0000 UTC,61,0,8,11005,235,6,0.47701821280011075
2021-09-05 00:00:31.488 +0000 UTC,76,0,8,11024,232,6,0.478123350730317
2021-09-05 00:00:31.635 +0000 UTC,82,0,8,11177,232,6,0.480353868257442
2021-09-05 00:00:31.768 +0000 UTC,89,0,8,11330,232,6,0.4823742743213396
2021-09-05 00:00:31.855 +0000 UTC,94,0,8,11306,232,6,0.48369540321003485
2021-09-05 00:00:32.008 +0000 UTC,100,0,8,11283,233,6,0.4860336284963702
2021-09-05 00:00:32.075 +0000 UTC,100,0,8,11277,236,6,0.48707281285991705
2021-09-05 00:00:32.248 +0000 UTC,100,0,8,11272,239,6,0.48978721496775357
2021-09-05 00:00:32.295 +0000 UTC,100,0,8,11321,240,6,0.4905268542889384
2021-09-05 00:00:32.488 +0000 UTC,100,0,8,11371,241,6,0.49357221220458763
2021-09-05 00:00:32.515 +0000 UTC,100,0,8,11431,242,6,0.49399960522546627
2021-09-05 00:00:32.727 +0000 UTC,100,0,8,11491,243,6,0.4973727185068633
2021-09-05 00:00:32.735 +0000 UTC,100,0,8,11571,244,6,0.49750093701124365
2021-09-05 00:00:32.955 +0000 UTC,100,0,8,11651,245,6,0.5010564159618669
2021-09-05 00:00:32.967 +0000 UTC,100,0,8,11731,247,6,0.5012519480400501
2021-09-05 00:00:33.175 +0000 UTC,100,0,8,11745,249,6,0.5046655666917994
2021-09-05 00:00:33.207 +0000 UTC,100,0,8,11759,251,6,0.505193999104139
2021-09-05 00:00:33.395 +0000 UTC,100,50,8,11829,251,6,0.5083042586046083
2021-09-05 00:00:33.447 +0000 UTC,100,100,8,11899,252,6,0.5091517555509533
2021-09-05 00:00:33.615 +0000 UTC,50,100,8,11256,244,6,0.5118163522653578
2021-09-05 00:00:33.687 +0000 UTC,0,100,8,10613,237,6,0.5128739312568857
2021-09-05 00:00:33.835 +0000 UTC,0,100,8,10375,218,6,0.5148362215720518
2021-09-05 00:00:33.927 +0000 UTC,0,100,8,10138,199,6,0.5159993024192508
2021-09-05 00:00:34.055 +0000 UTC,0,100,8,9718,194,6,0.5176234415483068
2021-09-05 00:00:34.167 +0000 UTC,0,100,8,9298,189,5,0.5189676197543615
2021-09-05 00:00:34.275 +0000 UTC,0,100,8,8946,175,5,0.5201313852731518
2021-09-05 00:00:34.368 +0000 UTC,0,100,8,8594,161,5,0.5210852942976048
2021-09-05 00:00:34.495 +0000 UTC,0,100,8,8903,158,5,0.5223888414334489
2021-09-05 00:00:34.608 +0000 UTC,0,100,8,9213,155,4,0.5235196286200501
2021-09-05 00:00:34.715 +0000 UTC,0,100,8,8889,149,4,0.5245417906787598
2021-09-05 00:00:34.848 +0000 UTC,0,100,8,8565,143,4,0.5257654983497899
2021-09-05 00:00:34.935 +0000 UTC,6,50,8,8391,139,4,0.5265516267779903
2021-09-05 00:00:35.088 +0000 UTC,12,0,8,8217,136,4,0.5279014304004515
2021-09-05 00:00:35.155 +0000 UTC,14,0,8,8172,133,4,0.5284761665706103
2021-09-05 00:00:35.356 +0000 UTC,16,0,8,8127,131,4,0.5301639208131138
2021-09-05 00:00:35.368 +0000 UTC,18,0,8,8082,129,4,0.5302650905006322
2021-09-05 00:00:35.576 +0000 UTC,33,0,8,8196,129,4,0.5320330408000091
2021-09-05 00:00:35.608 +0000 UTC,48,0,8,8310,130,4,0.5323067902549411
2021-09-05 00:00:35.796 +0000 UTC,49,0,8,8414,131,4,0.5339252246003927
2021-09-05 00:00:35.848 +0000 UTC,50,0,8,8518,132,4,0.5343799007747009
2021-09-05 00:00:36.015 +0000 UTC,59,0,8,8651,134,4,0.5358673726666521
2021-09-05 00:00:36.088 +0000 UTC,69,0,8,8785,137,4,0.536531538208088
2021-09-05 00:00:36.235 +0000 UTC,77,0,8,9099,140,4,0.53789652987632
2021-09-05 00:00:36.328 +0000 UTC,85,0,8,9414,144,4,0.5387931133205531
2021-09-05 00:00:36.455 +0000 UTC,90,0,8,9740,150,4,0.5400712959041063
2021-09-05 00:00:36.568 +0000 UTC,96,0,8,10067,156,4,0.5412431530257239
2021-09-05 00:00:36.675 +0000 UTC,98,0,8,10370,160,4,0.5423690134361633
2021-09-05 00:00:36.848 +0000 UTC,100,0,8,10673,164,4,0.5442481162538606
2021-09-05 00:00:36.895 +0000 UTC,100,0,8,10747,170,4,0.5447787583836048
2021-09-05 00:00:37.088 +0000 UTC,100,0,8,10822,177,4,0.5470279689962658
2021-09-05 00:00:37.115 +0000 UTC,100,0,8,11228,180,4,0.5473465670288379
2021-09-05 00:00:37.328 +0000 UTC,100,0,8,11635,183,4,0.5499020540350239
2021-09-05 00:00:37.335 +0000 UTC,100,0,8,11825,186,4,0.5499883200344169
2021-09-05 00:00:37.555 +0000 UTC,100,0,8,12016,190,4,0.5527798133806653
2021-09-05 00:00:37.568 +0000 UTC,100,0,8,12207,194,4,0.5529488982837618
2021-09-05 00:00:37.775 +0000 UTC,100,0,8,11902,198,4,0.5556924056864567
2021-09-05 00:00:37.848 +0000 UTC,100,0,8,11598,203,4,0.5566684564259066
2021-09-05 00:00:37.995 +0000 UTC,100,0,8,11415,204,4,0.5586342592981013
2021-09-05 00:00:38.088 +0000 UTC,100,0,8,11233,205,5,0.5598880598846246
2021-09-05 00:00:38.215 +0000 UTC,100,0,8,11349,207,5,0.5616217881245189
2021-09-05 00:00:38.328 +0000 UTC,100,0,8,11466,210,5,0.5631861902569698
2021-09-05 00:00:38.435 +0000 UTC,100,0,8,11567,213,5,0.5646871093576236
2021-09-05 00:00:38.568 +0000 UTC,100,0,8,11668,216,5,0.5665785529256677
2021-09-05 00:00:38.655 +0000 UTC,74,50,8,11435,216,5,0.567830741531107
2021-09-05 00:00:38.808 +0000 UTC,48,100,8,11202,217,5,0.569986620977091
2021-09-05 00:00:38.875 +0000 UTC,36,100,8,10947,204,5,0.5708680118858331
2021-09-05 00:00:39.048 +0000 UTC,25,100,8,10693,192,5,0.573002054460378
2021-09-05 00:00:39.095 +0000 UTC,20,100,8,10147,185,5,0.5735638799070292
2021-09-05 00:00:39.287 +0000 UTC,16,100,8,9601,178,5,0.5757859644266539
2021-09-05 00:00:39.315 +0000 UTC,18,100,8,9789,172,5,0.5760994233945065
2021-09-05 00:00:39.527 +0000 UTC,20,100,8,9977,166,4,0.5783930579590791
2021-09-05 00:00:39.535 +0000 UTC,21,100,8,9731,163,4,0.5784774589959161
2021-09-05 00:00:39.755 +0000 UTC,22,100,8,9485,160,4,0.5807392020458889
2021-09-05 00:00:39.767 +0000 UTC,23,100,8,9240,157,4,0.5808588030469753
2021-09-05 00:00:39.975 +0000 UTC,23,100,8,9132,152,4,0.5828681004929779
2021-09-05 00:00:40.007 +0000 UTC,23,100,8,9024,147,4,0.5831674943076169
2021-09-05 00:00:40.195 +0000 UTC,22,100,8,8697,143,4,0.5848819339406167
2021-09-05 00:00:40.247 +0000 UTC,21,100,8,8370,139,4,0.5853505425064549
2021-09-05 00:00:40.415 +0000 UTC,19,50,8,8274,137,4,0.5868577176484937
2021-09-05 00:00:40.487 +0000 UTC,18,0,8,8179,136,4,0.5874864745571166
2021-09-05 00:00:40.635 +0000 UTC,28,0,8,8163,132,4,0.5887317526907021
2021-09-05 00:00:40.727 +0000 UTC,38,0,8,8147,128,4,0.5894967635459746
2021-09-05 00:00:40.855 +0000 UTC,44,0,8,8219,128,4,0.5905707662357578
2021-09-05 00:00:40.928 +0000 UTC,51,0,8,8291,129,4,0.5911935338321757
2021-09-05 00:00:41.075 +0000 UTC,53,0,8,8459,131,4,0.5924772896329485
2021-09-05 00:00:41.168 +0000 UTC,56,0,8,8627,134,4,0.5932980551173863
2021-09-05 00:00:41.295 +0000 UTC,62,0,8,8770,135,4,0.5944190118866665
2021-09-05 00:00:41.408 +0000 UTC,69,0,8,8914,136,4,0.595433987168048
2021-09-05 00:00:41.515 +0000 UTC,73,0,8,9109,139,4,0.5964239465533436
2021-09-05 00:00:41.648 +0000 UTC,78,0,8,9305,143,4,0.5976798568977877
2021-09-05 00:00:41.735 +0000 UTC,81,0,8,9672,145,4,0.5985066808575
2021-09-05 00:00:41.888 +0000 UTC,85,0,8,10040,147,4,0.5999885481584294
2021-09-05 00:00:41.936 +0000 UTC,88,0,8,10257,152,4,0.6004675929122791
2021-09-05 00:00:42.128 +0000 UTC,92,0,8,10475,158,4,0.602469998629051
2021-09-05 00:00:42.156 +0000 UTC,91,0,8,10703,166,4,0.6027775609927405
2021-09-05 00:00:42.368 +0000 UTC,91,0,8,10931,174,4,0.6052027352232798
2021-09-05 00:00:42.376 +0000 UTC,94,0,8,11115,175,4,0.6052950239877266
2021-09-05 00:00:42.595 +0000 UTC,97,0,8,11300,176,4,0.6078425132006676
2021-09-05 00:00:42.608 +0000 UTC,100,0,8,11485,178,4,0.6079982933484105
2021-09-05 00:00:42.815 +0000 UTC,100,0,8,11757,184,4,0.610563162817442
2021-09-05 00:00:42.848 +0000 UTC,100,0,8,12030,190,4,0.6109823160662468
2021-09-05 00:00:43.035 +0000 UTC,100,0,8,12138,194,4,0.6133972776583476
2021-09-05 00:00:43.088 +0000 UTC,100,0,8,12246,198,4,0.6140919818458864
2021-09-05 00:00:43.255 +0000 UTC,100,0,8,11966,201,4,0.6163084044255103
2021-09-05 00:00:43.328 +0000 UTC,100,0,8,11686,204,5,0.6172958799218788
2021-09-05 00:00:43.475 +0000 UTC,100,0,8,11797,208,5,0.6193252385777226
2021-09-05 00:00:43.568 +0000 UTC,100,0,14,11908,213,5,0.6206411264424004
2021-09-05 00:00:43.695 +0000 UTC,100,0,14,12044,218,5,0.6224815353397222
2021-09-05 00:00:43.808 +0000 UTC,100,0,12,12181,224,5,0.6241591321729019
2021-09-05 00:00:43.915 +0000 UTC,100,0,12,11489,228,5,0.6257807736201364
2021-09-05 00:00:44.048 +0000 UTC,100,0,12,10798,233,5,0.6278184863479325
2021-09-05 00:00:44.135 +0000 UTC,100,0,12,11033,234,5,0.6291480965959643
2021-09-05 00:00:44.288 +0000 UTC,100,0,12,11269,235,6,0.6315092512884141
2021-09-05 00:00:44.355 +0000 UTC,100,0,12,11300,240,6,0.6325698219643597
2021-09-05 00:00:44.568 +0000 UTC,100,0,12,11332,246,6,0.6360166961306192
2021-09-05 00:00:44.575 +0000 UTC,100,0,12,11498,247,6,0.6361303165999953
2021-09-05 00:00:44.795 +0000 UTC,100,0,12,11664,248,6,0.6397133231177156
2021-09-05 00:00:44.808 +0000 UTC,100,0,12,11831,249,6,0.6399273364292568
2021-09-05 00:00:45.015 +0000 UTC,100,0,12,11907,252,6,0.6433770113581945
2021-09-05 00:00:45.048 +0000 UTC,100,0,12,11983,255,6,0.6439322090242474
2021-09-05 00:00:45.235 +0000 UTC,100,0,12,11423,257,6,0.647098490157278
2021-09-05 00:00:45.288 +0000 UTC,100,0,12,10863,259,7,0.6479999031501399
2021-09-05 00:00:45.455 +0000 UTC,100,0,12,10840,260,7,0.6508508781575812
2021-09-05 00:00:45.528 +0000 UTC,100,0,12,10818,262,7,0.6521147134242086
2021-09-05 00:00:45.675 +0000 UTC,100,0,12,10898,266,7,0.6547052691634245
2021-09-05 00:00:45.768 +0000 UTC,100,0,12,10979,270,7,0.6563551667600809
2021-09-05 00:00:45.895 +0000 UTC,100,0,12,11040,270,7,0.6586036313479292
2021-09-05 00:00:46.007 +0000 UTC,100,0,12,11102,271,7,0.660593591484018
2021-09-05 00:00:46.115 +0000 UTC,100,0,12,11197,273,7,0.6625278348957959
2021-09-05 00:00:46.287 +0000 UTC,100,0,12,11293,275,7,0.6656324017751009
2021-09-05 00:00:46.335 +0000 UTC,100,0,12,11313,276,7,0.6665019389974091
2021-09-05 00:00:46.527 +0000 UTC,100,0,12,11334,278,7,0.6699984981727768
2021-09-05 00:00:46.555 +0000 UTC,100,0,12,11409,280,7,0.6705121127124316
2021-09-05 00:00:46.767 +0000 UTC,100,0,12,11484,282,7,0.6744274161013546
2021-09-05 00:00:46.775 +0000 UTC,100,0,12,11539,282,7,0.6745756697096843
2021-09-05 00:00:46.995 +0000 UTC,100,0,12,11595,283,7,0.6786640029109691
2021-09-05 00:00:47.007 +0000 UTC,100,0,12,11651,284,7,0.6788877447953834
2021-09-05 00:00:47.215 +0000 UTC,100,0,12,11619,285,7,0.6827788034088725
2021-09-05 00:00:47.247 +0000 UTC,100,0,12,11588,286,7,0.6833794842548628
2021-09-05 00:00:47.435 +0000 UTC,100,0,12,11682,287,7,0.6869214637564359
2021-09-05 00:00:47.448 +0000 UTC,100,0,12,11777,288,7,0.6871676225682422
2021-09-05 00:00:47.655 +0000 UTC,100,0,12,11830,289,7,0.6911082258281633
2021-09-05 00:00:47.688 +0000 UTC,100,0,12,11883,291,7,0.6917378889413491
2021-09-05 00:00:47.875 +0000 UTC,100,0,12,11924,291,7,0.6953087182453502
2021-09-05 00:00:47.928 +0000 UTC,100,0,12,11966,292,7,0.6963238606971814
2021-09-05 00:00:48.095 +0000 UTC,100,0,12,12006,293,7,0.6995369147757327
2021-09-05 00:00:48.168 +0000 UTC,100,0,12,12047,295,7,0.7009569486011902
2021-09-05 00:00:48.315 +0000 UTC,56,50,12,11716,294,7,0.703847859666373
2021-09-05 00:00:48.408 +0000 UTC,12,100,8,11385,294,7,0.7055743311224734
2021-09-05 00:00:48.516 +0000 UTC,6,100,8,10685,269,7,0.7073930178458842
2021-09-05 00:00:48.648 +0000 UTC,0,100,8,9985,244,7,0.709406444507484
2021-09-05 00:00:48.736 +0000 UTC,0,100,8,9471,227,7,0.7106660688967956
2021-09-05 00:00:48.888 +0000 UTC,0,100,8,8958,210,7,0.7127045748798292
2021-09-05 00:00:48.956 +0000 UTC,0,100,8,9061,198,7,0.7135708689035806
2021-09-05 00:00:49.128 +0000 UTC,0,100,8,9164,186,7,0.7156257760667634
2021-09-05 00:00:49.175 +0000 UTC,0,100,8,9196,173,7,0.7161483827743991
2021-09-05 00:00:49.368 +0000 UTC,0,100,8,9228,161,7,0.7181543426855614
2021-09-05 00:00:49.395 +0000 UTC,0,100,8,9468,155,7,0.7184257800470526
2021-09-05 00:00:49.608 +0000 UTC,0,100,8,9709,149,4,0.7204944447116539
2021-09-05 00:00:49.615 +0000 UTC,0,100,8,9584,145,4,0.7205596410016766
2021-09-05 00:00:49.835 +0000 UTC,1,100,8,9460,141,4,0.7225315086043235
2021-09-05 00:00:49.848 +0000 UTC,2,100,8,9336,137,3,0.722646082145041
2021-09-05 00:00:50.055 +0000 UTC,4,50,8,9133,135,3,0.7244536790802274
2021-09-05 00:00:50.088 +0000 UTC,6,0,8,8930,133,3,0.7247348980475262
2021-09-05 00:00:50.275 +0000 UTC,12,0,8,9027,129,3,0.7262839713580148
2021-09-05 00:00:50.328 +0000 UTC,19,0,8,9124,126,3,0.7267137762709334
2021-09-05 00:00:50.495 +0000 UTC,23,0,8,8975,124,3,0.7280497605399426
2021-09-05 00:00:50.568 +0000 UTC,27,0,8,8827,122,3,0.7286298329634386
2021-09-05 00:00:50.715 +0000 UTC,37,0,8,8945,122,3,0.7297968260241923
2021-09-05 00:00:50.808 +0000 UTC,48,0,8,9064,122,3,0.7305458896559439
2021-09-05 00:00:50.935 +0000 UTC,54,0,8,9157,124,3,0.7315925807016215
2021-09-05 00:00:51.048 +0000 UTC,60,0,8,9250,127,3,0.7325404732620764
2021-09-05 00:00:51.155 +0000 UTC,33,50,8,8825,128,3,0.7334473554221288
2021-09-05 00:00:51.288 +0000 UTC,7,100,8,8400,129,3,0.7345664676336598
2021-09-05 00:00:51.375 +0000 UTC,6,50,8,8363,126,3,0.7352786361534756
2021-09-05 00:00:51.528 +0000 UTC,5,0,8,8327,123,3,0.7364982297088907
2021-09-05 00:00:51.595 +0000 UTC,4,0,8,8117,120,3,0.7370224123123783
2021-09-05 00:00:51.768 +0000 UTC,3,0,8,7907,118,3,0.7383514648704941
2021-09-05 00:00:51.815 +0000 UTC,6,0,8,7878,116,3,0.7387076488100903
2021-09-05 00:00:52.008 +0000 UTC,10,0,8,7849,114,3,0.7401418785011957
2021-09-05 00:00:52.035 +0000 UTC,9,0,8,7720,111,3,0.7403372036000887
2021-09-05 00:00:52.248 +0000 UTC,8,0,8,7591,108,3,0.7418380598355447
2021-09-05 00:00:52.255 +0000 UTC,14,0,8,7561,107,3,0.7418866844038595
2021-09-05 00:00:52.475 +0000 UTC,20,0,8,7531,106,3,0.7433986718300678
2021-09-05 00:00:52.488 +0000 UTC,26,0,8,7501,105,3,0.7434871250217173
2021-09-05 00:00:52.695 +0000 UTC,36,0,8,7706,104,3,0.7448920543254249
2021-09-05 00:00:52.727 +0000 UTC,47,0,8,7911,104,3,0.7451136791593168
2021-09-05 00:00:52.915 +0000 UTC,51,0,8,8122,106,3,0.7464506401894704
2021-09-05 00:00:52.967 +0000 UTC,55,0,8,8333,109,3,0.7468255658763913
2021-09-05 00:00:53.135 +0000 UTC,58,0,8,8486,111,3,0.7480445116896488
2021-09-05 00:00:53.247 +0000 UTC,61,0,8,8639,113,3,0.7488960588323634
2021-09-05 00:00:53.355 +0000 UTC,66,0,8,8977,119,3,0.7497648904334724
2021-09-05 00:00:53.487 +0000 UTC,71,0,8,9315,125,3,0.7508592316730451
2021-09-05 00:00:53.575 +0000 UTC,75,0,8,9607,126,3,0.7515859716374893
2021-09-05 00:00:53.727 +0000 UTC,80,0,8,9899,128,3,0.7528695206619032
2021-09-05 00:00:53.795 +0000 UTC,82,0,8,10050,134,3,0.7534756177884985
2021-09-05 00:00:53.968 +0000 UTC,84,0,8,10202,141,3,0.7550932065385432
2021-09-05 00:00:54.015 +0000 UTC,92,0,8,10740,146,3,0.7555447110415192
2021-09-05 00:00:54.208 +0000 UTC,100,0,8,11279,151,3,0.7574647193300866
2021-09-05 00:00:54.235 +0000 UTC,100,0,8,11790,158,3,0.7577454354901425
2021-09-05 00:00:54.448 +0000 UTC,100,0,8,12301,165,3,0.7600561074797864
2021-09-05 00:00:54.455 +0000 UTC,100,0,8,12014,168,3,0.7601340724495149
2021-09-05 00:00:54.675 +0000 UTC,100,0,8,11727,171,3,0.7626379926893655
2021-09-05 00:00:54.688 +0000 UTC,100,0,8,11440,174,4,0.7627888440740151
2021-09-05 00:00:54.895 +0000 UTC,100,0,8,11479,178,4,0.7652416779915351
2021-09-05 00:00:54.928 +0000 UTC,100,0,8,11519,182,4,0.7656472237300476
2021-09-05 00:00:55.096 +0000 UTC,100,0,8,11766,188,4,0.7677814540705291
2021-09-05 00:00:55.168 +0000 UTC,100,0,8,12014,195,4,0.768709773361511
2021-09-05 00:00:55.316 +0000 UTC,100,0,8,11536,197,4,0.770619637886596
2021-09-05 00:00:55.408 +0000 UTC,100,0,8,11058,199,5,0.7718351445238761
2021-09-05 00:00:55.536 +0000 UTC,100,0,8,11272,205,5,0.7735868481182299
2021-09-05 00:00:55.648 +0000 UTC,100,0,8,11487,211,5,0.7751489802789467
2021-09-05 00:00:55.755 +0000 UTC,100,0,8,11746,213,5,0.7766450364490753
2021-09-05 00:00:55.888 +0000 UTC,100,0,8,12005,215,5,0.7785256375649192
2021-09-05 00:00:55.975 +0000 UTC,100,0,8,12131,219,5,0.7797799632309823
2021-09-05 00:00:56.128 +0000 UTC,100,0,8,12258,223,5,0.7820279379126952
2021-09-05 00:00:56.195 +0000 UTC,100,0,8,11863,226,5,0.7830265787556043
2021-09-05 00:00:56.368 +0000 UTC,100,0,8,11468,230,5,0.7856401759395495
2021-09-05 00:00:56.415 +0000 UTC,100,0,8,11223,232,5,0.786356996511044
2021-09-05 00:00:56.608 +0000 UTC,100,0,8,10978,235,6,0.7893309408800311
2021-09-05 00:00:56.635 +0000 UTC,100,0,8,11137,237,6,0.7897511492963933
2021-09-05 00:00:56.848 +0000 UTC,100,0,8,11296,240,6,0.7931002327341399
2021-09-05 00:00:56.855 +0000 UTC,100,0,8,11388,241,6,0.7932111882930412
2021-09-05 00:00:57.075 +0000 UTC,100,0,8,11481,242,6,0.7967235985157168
2021-09-05 00:00:57.088 +0000 UTC,100,0,8,11574,244,6,0.7969323461191504
2021-09-05 00:00:57.295 +0000 UTC,100,0,8,11565,245,6,0.8002742466906883
2021-09-05 00:00:57.328 +0000 UTC,100,0,8,11556,247,6,0.8008115756523373
2021-09-05 00:00:57.515 +0000 UTC,78,50,8,11395,247,6,0.8038663027867723
2021-09-05 00:00:57.568 +0000 UTC,57,100,8,11234,248,6,0.8047065105682497
2021-09-05 00:00:57.735 +0000 UTC,41,100,8,10849,238,6,0.807235863070633
2021-09-05 00:00:57.848 +0000 UTC,26,100,8,10464,229,6,0.8089024653197333
2021-09-05 00:00:57.955 +0000 UTC,24,100,8,10801,226,6,0.8104787594425142
2021-09-05 00:00:58.088 +0000 UTC,23,100,8,11139,223,6,0.8124047656675093
2021-09-05 00:00:58.175 +0000 UTC,25,50,8,11012,216,6,0.8136223713726902
2021-09-05 00:00:58.328 +0000 UTC,28,0,8,10886,209,5,0.815687190657129
2021-09-05 00:00:58.395 +0000 UTC,37,0,8,10795,203,5,0.816563647432682
2021-09-05 00:00:58.568 +0000 UTC,47,0,8,10704,197,5,0.8187811510540435
2021-09-05 00:00:58.615 +0000 UTC,57,0,8,10748,197,5,0.8193855815190146
2021-09-05 00:00:58.808 +0000 UTC,68,0,8,10793,197,5,0.8218751114509578
2021-09-05 00:00:58.835 +0000 UTC,72,0,8,10794,196,5,0.8222222447264291
2021-09-05 00:00:59.048 +0000 UTC,76,0,8,10796,196,5,0.8249533664651466
2021-09-05 00:00:59.055 +0000 UTC,81,0,8,10869,196,5,0.8250432640340272
2021-09-05 00:00:59.275 +0000 UTC,86,0,8,10942,196,5,0.8278789431584006
2021-09-05 00:00:59.288 +0000 UTC,91,0,8,11015,197,5,0.828047326862061
2021-09-05 00:00:59.495 +0000 UTC,95,0,8,11241,198,5,0.8307498153942934
2021-09-05 00:00:59.527 +0000 UTC,100,0,8,11468,200,5,0.8311753155882138
2021-09-05 00:00:59.715 +0000 UTC,100,0,8,11476,204,5,0.8337258289815661
2021-09-05 00:00:59.767 +0000 UTC,100,0,8,11485,208,5,0.8344420351951081
2021-09-05 00:00:59.935 +0000 UTC,100,0,8,11730,211,5,0.8367816933985912
2021-09-05 00:01:00.007 +0000 UTC,100,0,8,11976,214,5,0.8378029870983551
2021-09-05 00:01:00.155 +0000 UTC,100,0,8,12044,218,5,0.8399440547923326
2021-09-05 00:01:00.247 +0000 UTC,100,0,8,12113,222,5,0.8412895820634058
2021-09-05 00:01:00.375 +0000 UTC,100,0,8,12251,223,5,0.8431678312975044
2021-09-05 00:01:00.487 +0000 UTC,100,0,8,12390,225,5,0.8448232931766326
2021-09-05 00:01:00.595 +0000 UTC,100,0,8,12250,227,5,0.8464349862675717
2021-09-05 00:01:00.688 +0000 UTC,100,0,8,12110,229,6,0.8478353892660905
2021-09-05 00:01:00.815 +0000 UTC,100,0,8,11647,231,6,0.8497671609623666
2021-09-05 00:01:00.928 +0000 UTC,100,0,8,11184,234,6,0.8515104488238465
2021-09-05 00:01:01.035 +0000 UTC,100,0,8,11309,237,6,0.8531867911891998
2021-09-05 00:01:01.168 +0000 UTC,100,0,8,11434,241,6,0.8552954460606808
2021-09-05 00:01:01.255 +0000 UTC,100,0,8,11521,243,6,0.8566827023881709
2021-09-05 00:01:01.408 +0000 UTC,100,0,8,11609,245,6,0.8591432648284167
2021-09-05 00:01:01.475 +0000 UTC,100,0,8,11662,247,6,0.8602325981423078
2021-09-05 00:01:01.648 +0000 UTC,100,0,8,11716,250,6,0.86306961050978
2021-09-05 00:01:01.676 +0000 UTC,100,0,8,11824,251,6,0.8635299046176861
2021-09-05 00:01:01.888 +0000 UTC,100,0,8,11932,252,6,0.8670273669565943
2021-09-05 00:01:01.896 +0000 UTC,100,0,8,11745,253,6,0.8671600932425607
2021-09-05 00:01:02.116 +0000 UTC,100,0,8,11558,254,6,0.8708312179219394
2021-09-05 00:01:02.128 +0000 UTC,100,0,8,11372,255,6,0.8710322395515849
2021-09-05 00:01:02.335 +0000 UTC,100,0,8,11016,256,6,0.874511009757878
2021-09-05 00:01:02.368 +0000 UTC,100,0,8,10660,257,7,0.8750685229120263
2021-09-05 00:01:02.555 +0000 UTC,100,0,8,10659,258,7,0.8782457021588446
2021-09-05 00:01:02.608 +0000 UTC,100,0,8,10658,260,7,0.8791519224206441
2021-09-05 00:01:02.775 +0000 UTC,100,0,8,10684,261,7,0.8820233837883379
2021-09-05 00:01:02.848 +0000 UTC,100,0,8,10710,263,7,0.8832824380774383
2021-09-05 00:01:02.995 +0000 UTC,100,0,8,10760,263,7,0.8858206064747132
2021-09-05 00:01:03.088 +0000 UTC,100,0,8,10811,264,7,0.8874286591169579
2021-09-05 00:01:03.215 +0000 UTC,100,0,8,10829,264,7,0.8896277295438465
2021-09-05 00:01:03.328 +0000 UTC,100,0,8,10847,265,7,0.891590585539203
2021-09-05 00:01:03.435 +0000 UTC,100,0,8,10883,266,7,0.8934570501949524
2021-09-05 00:01:03.568 +0000 UTC,100,0,8,10920,267,7,0.8957839227268991
2021-09-05 00:01:03.655 +0000 UTC,100,0,8,10953,267,7,0.8973074094465769
2021-09-05 00:01:03.808 +0000 UTC,100,0,8,10986,268,7,0.8999929652973205
2021-09-05 00:01:03.875 +0000 UTC,100,0,8,10992,269,7,0.9011736868214715
2021-09-05 00:01:04.048 +0000 UTC,100,0,8,10998,270,7,0.9042334186331928
2021-09-05 00:01:04.095 +0000 UTC,100,0,8,11047,270,7,0.9050663317418471
2021-09-05 00:01:04.288 +0000 UTC,100,0,8,11097,271,7,0.9084895773517909
2021-09-05 00:01:04.315 +0000 UTC,100,0,8,11118,271,7,0.9089679568552026
2021-09-05 00:01:04.528 +0000 UTC,100,0,8,11140,271,7,0.9127457360703886
2021-09-05 00:01:04.535 +0000 UTC,100,0,8,11153,272,7,0.9128705737767103
2021-09-05 00:01:04.755 +0000 UTC,100,0,8,11166,273,7,0.9168156002533633
2021-09-05 00:01:04.768 +0000 UTC,100,0,8,11180,274,7,0.9170490109371627
2021-09-05 00:01:04.975 +0000 UTC,100,0,8,11256,274,7,0.9207699315500256
2021-09-05 00:01:05.008 +0000 UTC,100,0,14,11333,275,7,0.9213679911866625
2021-09-05 00:01:05.195 +0000 UTC,100,0,14,11362,277,7,0.9247903875907604
2021-09-05 00:01:05.248 +0000 UTC,100,0,12,11392,280,7,0.9257654983497893
2021-09-05 00:01:05.415 +0000 UTC,100,0,12,11452,281,7,0.9288445169066754
2021-09-05 00:01:05.488 +0000 UTC,100,0,12,11512,282,7,0.930194416278367
2021-09-05 00:01:05.635 +0000 UTC,100,0,12,11565,283,7,0.9329211783647441
2021-09-05 00:01:05.728 +0000 UTC,100,0,12,11618,284,7,0.9346547449723959
2021-09-05 00:01:05.855 +0000 UTC,100,0,12,11669,285,7,0.9370350115394577
2021-09-05 00:01:05.968 +0000 UTC,100,0,12,11721,287,7,0.9391621898146008
2021-09-05 00:01:06.075 +0000 UTC,100,0,12,11729,288,7,0.9411819439157165
2021-09-05 00:01:06.207 +0000 UTC,100,0,12,11738,289,7,0.9436821335238916
2021-09-05 00:01:06.295 +0000 UTC,100,0,12,11405,290,7,0.9453549772605268
2021-09-05 00:01:06.447 +0000 UTC,100,0,12,11072,291,7,0.9482523998969984
2021-09-05 00:01:06.515 +0000 UTC,100,0,12,10840,291,7,0.9495498213665414
2021-09-05 00:01:06.687 +0000 UTC,100,0,12,10609,292,8,0.9528383716528307
2021-09-05 00:01:06.735 +0000 UTC,100,0,12,10603,293,8,0.9537594762497107
2021-09-05 00:01:06.927 +0000 UTC,100,0,12,10597,294,8,0.9574557541741141
2021-09-05 00:01:06.955 +0000 UTC,100,0,12,10628,294,8,0.9579954823124781
2021-09-05 00:01:07.128 +0000 UTC,100,0,12,10659,295,8,0.9613359652937212
2021-09-05 00:01:07.175 +0000 UTC,100,0,12,10681,296,8,0.9622469204526137
2021-09-05 00:01:07.368 +0000 UTC,100,0,12,10703,297,8,0.9660004639631812
2021-09-05 00:01:07.395 +0000 UTC,100,0,12,10718,297,8,0.9665261753683315
2021-09-05 00:01:07.608 +0000 UTC,100,0,12,10734,298,8,0.970680668015366
2021-09-05 00:01:07.615 +0000 UTC,100,0,12,10749,298,8,0.970817636904688
2021-09-05 00:01:07.835 +0000 UTC,100,0,12,10764,299,8,0.9751365849252392
2021-09-05 00:01:07.848 +0000 UTC,100,0,12,10780,300,8,0.975392282833002
2021-09-05 00:01:08.055 +0000 UTC,100,0,12,10803,300,8,0.9794686751702382
2021-09-05 00:01:08.088 +0000 UTC,100,0,12,10826,301,8,0.9801196030333637
2021-09-05 00:01:08.256 +0000 UTC,100,0,12,10852,301,8,0.9834382867155375
2021-09-05 00:01:08.328 +0000 UTC,100,0,12,10879,302,8,0.9848626286164505
2021-09-05 00:01:08.476 +0000 UTC,100,0,12,10906,302,8,0.9877939457920685
2021-09-05 00:01:08.568 +0000 UTC,100,0,12,10933,303,8,0.9896213595822627
2021-09-05 00:01:08.696 +0000 UTC,100,0,12,10933,304,8,0.992173106890772
2021-09-05 00:01:08.848 +0000 UTC,100,0,12,10934,305,8,0.9952098582687366
2021-09-05 00:01:08.915 +0000 UTC,100,0,12,10912,305,8,0.9965476955999861
2021-09-05 00:01:08.923 +0000 UTC,100,0,12,10901,305,8,0.9967074028344297
