VTime,VThrottle,VBrake,VDRS,VRPM,VSpeed,VnGear,VLapPercentage
2021-09-05 00:00:00,100,0,12,10974,303,8,2.4074325831062774e-05
2021-09-05 00:00:00.047,100,0,12,10989,304,8,0.0009604472958964414
2021-09-05 00:00:00.174,100,0,12,10991,304,8,0.0034935556099543576
2021-09-05 00:00:00.287,100,0,12,10993,305,8,0.005751556881532228
2021-09-05 00:00:00.394,100,0,12,11045,305,8,0.007893674083852619
2021-09-05 00:00:00.526,100,0,12,11097,306,8,0.010538346614262931
2021-09-05 00:00:00.614,100,0,12,11058,306,8,0.012300278027171476
2021-09-05 00:00:00.766,100,0,12,11020,306,8,0.015345164755917193
2021-09-05 00:00:00.834,100,0,12,11029,306,8,0.016710271300420628
2021-09-05 00:00:01.006,100,0,12,11038,307,8,0.020167691453589934
2021-09-05 00:00:01.054,100,0,12,11056,307,8,0.021132050983143996
2021-09-05 00:00:01.246,100,0,12,11075,307,8,0.024990218151262678
2021-09-05 00:00:01.274,100,0,12,11078,307,8,0.025553885202383785
2021-09-05 00:00:01.486,100,0,12,11082,308,8,0.029828453404953895
2021-09-05 00:00:01.494,100,0,12,11074,308,8,0.02998978022680947
2021-09-05 00:00:01.714,100,0,12,11066,308,8,0.034424853422424344
2021-09-05 00:00:01.726,100,0,12,11058,308,8,0.03466668865864512
2021-09-05 00:00:01.934,100,0,12,11059,308,8,0.03885895388569028
2021-09-05 00:00:01.966,100,0,12,11061,308,8,0.03950492391233634
2021-09-05 00:00:02.154,100,0,12,11065,308,8,0.043306927933203634
2021-09-05 00:00:02.206,100,0,12,11069,309,8,0.04435886772204604
2021-09-05 00:00:02.374,100,0,12,11103,309,8,0.04775587260356226
2021-09-05 00:00:02.446,100,0,12,11138,309,8,0.04921281153175574
2021-09-05 00:00:02.594,100,0,12,11111,309,8,0.05221111213605369
2021-09-05 00:00:02.686,100,0,12,11084,309,8,0.05406675534146544
2021-09-05 00:00:02.814,100,50,12,11082,304,8,0.056628566465773904
2021-09-05 00:00:02.966,100,100,12,11081,300,8,0.05956474994793273
2021-09-05 00:00:03.034,50,100,12,10578,284,8,0.060810091168782915
2021-09-05 00:00:03.207,0,100,8,10076,269,8,0.06380795819010736
2021-09-05 00:00:03.254,0,100,8,10005,256,8,0.06458854164152245
2021-09-05 00:00:03.447,0,100,8,9935,243,8,0.0676251373025975
2021-09-05 00:00:03.474,0,100,8,10293,227,8,0.06802322584430372
2021-09-05 00:00:03.687,0,100,8,10651,212,8,0.07095535117851484
2021-09-05 00:00:03.694,0,100,8,10668,205,8,0.07104721701444125
2021-09-05 00:00:03.914,0,100,8,10686,198,8,0.07381439502352506
2021-09-05 00:00:03.927,0,100,8,10704,192,7,0.07397139393406262
2021-09-05 00:00:04.134,0,100,8,10248,184,7,0.07637331597859243
2021-09-05 00:00:04.167,0,100,8,9793,176,5,0.07673609979331475
2021-09-05 00:00:04.335,0,100,8,10353,166,5,0.07849139152331462
2021-09-05 00:00:04.407,0,100,8,10913,157,4,0.07920234308821579
2021-09-05 00:00:04.555,1,100,8,10529,149,4,0.08059375042161293
2021-09-05 00:00:04.647,3,100,8,10146,142,3,0.08143295804283966
2021-09-05 00:00:04.775,3,100,8,10025,139,3,0.08258736944454999
2021-09-05 00:00:04.887,3,100,8,9904,136,3,0.08356932166135267
2021-09-05 00:00:04.994,9,50,8,9537,131,3,0.08447085392464501
2021-09-05 00:00:05.127,15,0,8,9170,127,3,0.08556430827569939
2021-09-05 00:00:05.214,32,0,8,9409,126,3,0.08627967119594662
2021-09-05 00:00:05.367,49,0,8,9648,126,3,0.0875435863340276
2021-09-05 00:00:05.434,50,0,8,9764,127,3,0.08810255824448548
2021-09-05 00:00:05.607,52,0,8,9881,129,3,0.08956999006041128
2021-09-05 00:00:05.654,62,0,8,10090,132,3,0.08997804283261579
2021-09-05 00:00:05.847,73,0,8,10300,135,3,0.0916906451229058
2021-09-05 00:00:05.874,75,0,8,10520,137,3,0.09193334027272589
2021-09-05 00:00:06.087,78,0,8,10741,140,3,0.09388984296549271
2021-09-05 00:00:06.094,85,0,8,10856,143,3,0.09395644307339579
2021-09-05 00:00:06.314,92,0,8,10971,147,3,0.09612948725204087
2021-09-05 00:00:06.327,100,0,8,11087,151,3,0.09626183492428289
2021-09-05 00:00:06.534,100,0,8,10585,155,3,0.09842178444974126
2021-09-05 00:00:06.567,100,0,8,10084,160,4,0.09877520388723937
2021-09-05 00:00:06.754,100,0,8,10393,164,4,0.10082786606039583
2021-09-05 00:00:06.807,100,0,8,10703,169,4,0.10142994985436214
2021-09-05 00:00:06.974,100,0,8,11075,175,4,0.10339201933022227
2021-09-05 00:00:07.047,100,0,8,11447,181,4,0.10427319849370666
2021-09-05 00:00:07.194,100,0,8,11583,185,4,0.10608201503299787
2021-09-05 00:00:07.286,100,0,8,11719,189,4,0.10722974509333445
2021-09-05 00:00:07.414,100,0,8,11369,191,4,0.1088397072938714
2021-09-05 00:00:07.526,100,0,8,11019,194,5,0.11027720496091918
2021-09-05 00:00:07.634,100,0,8,10841,199,5,0.11170153725758059
2021-09-05 00:00:07.766,100,0,8,10664,204,5,0.1134817503886887
2021-09-05 00:00:07.854,100,0,8,10870,207,5,0.11468423128079823
2021-09-05 00:00:08.006,100,0,8,11076,211,5,0.11679625570858754
2021-09-05 00:00:08.074,100,0,8,11287,215,5,0.11775882533303116
2021-09-05 00:00:08.246,100,0,8,11499,219,5,0.12023642947663422
2021-09-05 00:00:08.294,100,0,8,11618,222,5,0.12093605246864722
2021-09-05 00:00:08.486,100,0,8,11737,225,5,0.12377085458079176
2021-09-05 00:00:08.514,100,0,8,11725,228,5,0.12418960602951874
2021-09-05 00:00:08.726,100,0,8,11713,231,5,0.12739953102106016
2021-09-05 00:00:08.734,100,0,8,11366,232,5,0.12752165396620127
2021-09-05 00:00:08.954,100,0,8,11019,233,5,0.13090506854998582
2021-09-05 00:00:08.966,100,0,8,10673,235,6,0.1310910416854025
2021-09-05 00:00:09.174,100,0,8,10806,237,6,0.13434017680620708
2021-09-05 00:00:09.206,100,0,8,10940,239,6,0.13484538657381875
2021-09-05 00:00:09.394,100,0,8,11054,241,6,0.13784323166004317
2021-09-05 00:00:09.446,100,0,8,11169,244,6,0.13867827424232734
2021-09-05 00:00:09.614,100,0,8,11199,245,6,0.14138871930200542
2021-09-05 00:00:09.686,100,0,8,11230,247,6,0.1425582875788914
2021-09-05 00:00:09.834,100,0,8,11275,248,6,0.1449785676361981
2021-09-05 00:00:09.887,100,0,8,11320,250,6,0.14584726649526025
2021-09-05 00:00:10.054,50,50,8,11295,249,6,0.14857881501020487
2021-09-05 00:00:10.127,0,100,8,11271,248,6,0.14974298838784278
2021-09-05 00:00:10.274,0,100,8,10780,240,6,0.15200199080467702
2021-09-05 00:00:10.367,0,100,8,10290,232,6,0.1533873733841297
2021-09-05 00:00:10.494,0,100,8,10393,226,6,0.15523794433848356
2021-09-05 00:00:10.607,0,100,8,10496,220,6,0.15684325570819482
2021-09-05 00:00:10.714,9,50,8,10473,214,6,0.15832658008285289
2021-09-05 00:00:10.847,18,0,8,10451,209,5,0.16012634391605673
2021-09-05 00:00:10.915,32,0,8,10532,205,5,0.1610306776403999
2021-09-05 00:00:11.087,46,0,8,10613,201,5,0.16328376367577083
2021-09-05 00:00:11.135,49,0,8,10518,200,5,0.16390942996757216
2021-09-05 00:00:11.327,53,0,8,10424,199,5,0.1664097663234479
2021-09-05 00:00:11.355,69,0,8,10680,200,5,0.1667760513433748
2021-09-05 00:00:11.567,86,0,8,10937,201,5,0.16956718608316199
2021-09-05 00:00:11.574,87,0,8,10958,202,5,0.16965991393107221
2021-09-05 00:00:11.794,89,0,8,10980,203,5,0.1726089170333123
2021-09-05 00:00:11.807,91,0,8,11002,205,5,0.17278744006694996
2021-09-05 00:00:12.014,95,50,8,11002,209,5,0.17568020580339655
2021-09-05 00:00:12.047,100,100,8,11002,213,5,0.17613336249888578
2021-09-05 00:00:12.234,50,100,8,10652,206,5,0.17860895550112324
2021-09-05 00:00:12.287,0,100,8,10302,200,5,0.1792750737025814
2021-09-05 00:00:12.454,0,100,8,10409,190,5,0.18126448746855908
2021-09-05 00:00:12.527,0,100,8,10516,180,4,0.18210261378590742
2021-09-05 00:00:12.674,0,100,8,10796,175,4,0.18375639196879925
2021-09-05 00:00:12.767,0,100,8,11076,171,4,0.18478877686506714
2021-09-05 00:00:12.894,0,100,8,11312,168,4,0.18618966380365365
2021-09-05 00:00:13.007,0,100,8,11548,166,3,0.1873963971641345
2021-09-05 00:00:13.114,0,100,8,11133,159,3,0.18848033851588614
2021-09-05 00:00:13.247,1,100,8,10719,152,3,0.18978409767894316
2021-09-05 00:00:13.334,1,100,8,10520,150,3,0.1906368183781849
2021-09-05 00:00:13.487,1,100,8,10321,148,3,0.1921089639696779
2021-09-05 00:00:13.554,6,100,8,10025,142,3,0.1927262286245291
2021-09-05 00:00:13.767,12,100,8,9730,136,3,0.19460138819127637
2021-09-05 00:00:13.774,22,66,8,9763,134,3,0.19466195962947136
2021-09-05 00:00:13.994,33,33,8,9797,133,3,0.19656040105496717
2021-09-05 00:00:14.006,44,0,8,9831,132,3,0.19666627787990532
2021-09-05 00:00:14.214,58,0,8,10172,135,3,0.19855393200805496
2021-09-05 00:00:14.246,73,0,8,10513,139,3,0.19884976716647373
2021-09-05 00:00:14.434,77,0,8,10759,141,3,0.20061133540934076
2021-09-05 00:00:14.486,82,0,8,11005,144,3,0.20111179923313457
2021-09-05 00:00:14.654,91,0,8,10532,148,3,0.20277801230114495
2021-09-05 00:00:14.726,100,0,8,10059,153,3,0.20351520830396172
2021-09-05 00:00:14.874,100,0,8,10205,157,3,0.20507344383063314
2021-09-05 00:00:14.966,100,0,8,10351,162,4,0.20605999437895514
2021-09-05 00:00:15.094,94,0,8,10391,164,4,0.20744537924040773
2021-09-05 00:00:15.206,89,0,8,10431,167,4,0.20868332323404096
2021-09-05 00:00:15.314,94,0,8,10793,171,4,0.20991039119052896
2021-09-05 00:00:15.446,100,0,8,11156,175,4,0.21143232053727462
2021-09-05 00:00:15.534,100,0,8,11337,176,4,0.21244431238678696
2021-09-05 00:00:15.686,100,0,8,11519,177,4,0.2142127349525452
2021-09-05 00:00:15.754,100,0,8,10679,181,4,0.21502757554458582
2021-09-05 00:00:15.926,100,0,8,9839,186,4,0.21713452637198208
2021-09-05 00:00:15.974,100,0,8,9504,187,4,0.2177249920600025
2021-09-05 00:00:16.194,100,0,8,9169,188,4,0.22044806137066353
2021-09-05 00:00:16.206,100,0,8,8835,189,6,0.22059826297405646
2021-09-05 00:00:16.407,100,0,8,9133,194,6,0.2231505106131587
2021-09-05 00:00:16.414,100,0,8,9223,196,6,0.2232411299692646
2021-09-05 00:00:16.634,100,0,8,9314,199,6,0.226149205423961
2021-09-05 00:00:16.647,100,0,8,9405,202,6,0.22632363892889126
2021-09-05 00:00:16.854,100,0,8,9489,205,6,0.22913528074616343
2021-09-05 00:00:16.887,100,0,8,9574,208,6,0.22959101858073466
2021-09-05 00:00:17.074,100,0,8,9720,211,6,0.23221491992107401
2021-09-05 00:00:17.127,100,0,8,9867,215,6,0.23296835812470745
2021-09-05 00:00:17.294,100,0,8,9976,217,6,0.23536557967351446
2021-09-05 00:00:17.367,100,0,8,10085,220,6,0.23642424044877258
2021-09-05 00:00:17.495,100,0,8,10268,222,6,0.2382960690992002
2021-09-05 00:00:17.647,100,0,8,10452,225,6,0.2405477364036231
2021-09-05 00:00:17.715,100,0,8,10503,228,6,0.24156649018570242
2021-09-05 00:00:17.887,100,0,8,10554,231,6,0.24417641284389147
2021-09-05 00:00:17.935,100,0,8,10702,234,6,0.2449138513683754
2021-09-05 00:00:18.127,100,0,8,10850,237,6,0.24789934062027077
2021-09-05 00:00:18.154,100,0,8,10944,239,6,0.24832276922438656
2021-09-05 00:00:18.367,100,0,8,11038,241,6,0.25168510262072397
2021-09-05 00:00:18.374,100,0,8,11122,241,6,0.2517958421527562
2021-09-05 00:00:18.594,100,0,8,11206,242,6,0.2552928086983743
2021-09-05 00:00:18.607,100,0,8,11290,243,6,0.25550228173321415
2021-09-05 00:00:18.814,100,0,8,11352,246,6,0.25888588944326585
2021-09-05 00:00:18.847,100,0,8,11414,250,6,0.2594294207378336
2021-09-05 00:00:19.034,100,0,8,11476,251,6,0.26252086180283696
2021-09-05 00:00:19.087,100,0,8,11539,253,6,0.2634036854105085
2021-09-05 00:00:19.254,100,0,8,11636,255,6,0.266208539974039
2021-09-05 00:00:19.327,100,0,8,11733,257,6,0.2674407843072574
2021-09-05 00:00:19.474,100,0,8,11141,258,6,0.2699281541581712
2021-09-05 00:00:19.567,100,0,8,10549,259,6,0.27150930031604315
2021-09-05 00:00:19.694,100,0,8,10551,260,6,0.2736808850973456
2021-09-05 00:00:19.807,100,0,8,10554,262,7,0.2756249419928844
2021-09-05 00:00:19.914,100,0,8,10628,263,7,0.2774759193937951
2021-09-05 00:00:20.047,100,0,8,10703,265,7,0.279787709337781
2021-09-05 00:00:20.134,100,0,8,10739,266,7,0.28130457332426434
2021-09-05 00:00:20.287,100,0,8,10775,267,7,0.28398189379471467
2021-09-05 00:00:20.354,100,0,8,10839,268,7,0.285158713762456
2021-09-05 00:00:20.526,100,0,8,10904,269,7,0.2881898886904812
2021-09-05 00:00:20.574,100,0,8,10893,269,7,0.2890374076487808
2021-09-05 00:00:20.766,100,0,8,10883,270,7,0.29243119881547025
2021-09-05 00:00:20.794,100,0,8,10934,270,7,0.2929259536204962
2021-09-05 00:00:21.006,100,0,8,10985,270,7,0.29667250894045927
2021-09-05 00:00:21.014,100,0,8,10983,270,7,0.29681411611801123
2021-09-05 00:00:21.234,100,0,8,10981,270,7,0.30071630199506433
2021-09-05 00:00:21.246,100,0,8,10980,271,7,0.30092952762146685
2021-09-05 00:00:21.454,100,0,8,11008,271,7,0.30463151462287635
2021-09-05 00:00:21.486,100,0,8,11037,272,7,0.30520225485849284
2021-09-05 00:00:21.674,100,0,8,11010,272,7,0.30856134252931
2021-09-05 00:00:21.726,100,0,8,10984,273,7,0.30949069065153734
2021-09-05 00:00:21.894,100,0,8,11044,273,7,0.31249173983121736
2021-09-05 00:00:21.966,100,0,8,11105,273,7,0.3137791264445818
2021-09-05 00:00:22.114,100,0,8,11102,273,7,0.31643006861035267
2021-09-05 00:00:22.206,100,0,8,11100,274,7,0.3180832707936448
2021-09-05 00:00:22.334,100,0,8,11111,275,7,0.32039211812821444
2021-09-05 00:00:22.446,100,0,8,11122,276,7,0.32241883225474466
2021-09-05 00:00:22.554,100,0,8,11161,276,7,0.3243774204212376
2021-09-05 00:00:22.686,100,0,8,11200,277,7,0.32677010227186304
2021-09-05 00:00:22.774,100,0,8,11150,276,7,0.328359563304886
2021-09-05 00:00:22.926,100,0,8,11100,276,7,0.33110566373296296
2021-09-05 00:00:22.994,100,0,8,11153,277,7,0.3323412731586391
2021-09-05 00:00:23.127,100,0,8,11206,278,7,0.3347630082879651
2021-09-05 00:00:23.214,100,0,8,11203,277,7,0.33634152982088156
2021-09-05 00:00:23.367,100,0,8,11201,277,7,0.3391142783050835
2021-09-05 00:00:23.434,100,0,8,11229,277,7,0.3403322201912865
2021-09-05 00:00:23.607,100,0,8,11258,278,7,0.3434812568782204
2021-09-05 00:00:23.654,100,0,8,11209,277,7,0.3443348451499909
2021-09-05 00:00:23.847,100,0,8,11160,277,7,0.3478325268953388
2021-09-05 00:00:23.874,100,0,8,11193,277,7,0.3483215315073358
2021-09-05 00:00:24.075,100,0,8,11226,277,7,0.3519654766651441
2021-09-05 00:00:24.087,100,0,8,11260,277,7,0.35218379691245716
2021-09-05 00:00:24.295,100,0,8,11262,278,7,0.35598180346860225
2021-09-05 00:00:24.327,100,0,8,11264,279,7,0.3565664840416125
2021-09-05 00:00:24.515,100,0,8,11243,279,7,0.3599989260335144
2021-09-05 00:00:24.567,100,0,8,11223,279,7,0.36094917117076786
2021-09-05 00:00:24.734,100,0,8,11272,279,7,0.3640064524723038
2021-09-05 00:00:24.807,100,0,8,11321,280,7,0.3653475668559417
2021-09-05 00:00:24.954,100,0,8,11334,281,7,0.3680588982890945
2021-09-05 00:00:25.047,100,0,8,11347,282,7,0.3697773796531525
2021-09-05 00:00:25.174,99,0,8,11324,282,7,0.3721241991617491
2021-09-05 00:00:25.287,98,0,8,11301,282,7,0.3742071924503633
2021-09-05 00:00:25.394,96,0,8,11298,281,7,0.37617106237703524
2021-09-05 00:00:25.527,94,0,8,11295,280,7,0.37860558813553713
2021-09-05 00:00:25.614,94,0,8,11355,279,7,0.3801977653996219
2021-09-05 00:00:25.767,95,0,8,11415,279,7,0.38298827526469253
2021-09-05 00:00:25.834,84,0,8,11207,277,7,0.384201138576033
2021-09-05 00:00:26.007,74,0,8,11000,275,7,0.38730812816977395
2021-09-05 00:00:26.054,76,0,8,10953,273,7,0.3881467983028898
2021-09-05 00:00:26.247,79,0,8,10907,271,7,0.3915651468507815
2021-09-05 00:00:26.274,89,0,8,10932,269,7,0.3920396813202357
2021-09-05 00:00:26.487,100,0,8,10957,267,7,0.3957593313077151
2021-09-05 00:00:26.494,100,0,8,10921,266,7,0.3958813324283426
2021-09-05 00:00:26.714,100,0,8,10886,266,7,0.3997119033758854
2021-09-05 00:00:26.727,100,0,8,10851,266,7,0.3999378072086302
2021-09-05 00:00:26.934,100,0,8,10850,265,7,0.4035282879630998
2021-09-05 00:00:26.967,100,0,8,10849,265,7,0.40410057455352694
2021-09-05 00:00:27.154,100,0,8,10828,265,7,0.4073453063539284
2021-09-05 00:00:27.246,100,0,8,10808,265,7,0.40893979159196925
2021-09-05 00:00:27.374,100,0,8,10805,264,7,0.4111540392130217
2021-09-05 00:00:27.486,100,0,8,10803,264,7,0.4130868503808474
2021-09-05 00:00:27.594,100,0,8,10769,263,7,0.4149459861681789
2021-09-05 00:00:27.726,100,0,8,10736,263,7,0.4172182006137072
2021-09-05 00:00:27.814,100,0,8,10749,263,7,0.4187374283171076
2021-09-05 00:00:27.966,100,0,8,10762,264,7,0.42136525940258535
2021-09-05 00:00:28.034,100,0,8,10762,264,7,0.4225395889119536
2021-09-05 00:00:28.206,100,0,8,10763,264,7,0.42551231819146357
2021-09-05 00:00:28.254,100,0,8,10780,265,7,0.42634520397862774
2021-09-05 00:00:28.446,100,0,8,10797,266,7,0.42969079409237865
2021-09-05 00:00:28.474,100,0,8,10814,267,7,0.4301801504761253
2021-09-05 00:00:28.686,100,0,8,10831,268,7,0.4339006871053308
2021-09-05 00:00:28.694,100,0,8,10863,269,7,0.4340418875607063
2021-09-05 00:00:28.914,100,0,8,10895,270,7,0.437944484798065
2021-09-05 00:00:28.926,100,0,8,10927,271,7,0.43815770578633834
2021-09-05 00:00:29.134,100,0,8,11008,271,7,0.4418580314780794
2021-09-05 00:00:29.166,100,0,8,11090,272,7,0.4424304330233643
2021-09-05 00:00:29.354,100,0,8,11104,273,7,0.4458135424465759
2021-09-05 00:00:29.406,100,0,8,11119,275,7,0.4467502859284458
2021-09-05 00:00:29.574,100,0,8,11153,275,7,0.4497732201533613
2021-09-05 00:00:29.607,100,0,8,11187,275,7,0.4503681627364515
2021-09-05 00:00:29.794,100,0,8,11202,276,7,0.45375355024777114
2021-09-05 00:00:29.847,100,0,8,11217,277,7,0.45471943275356985
2021-09-05 00:00:30.014,100,0,8,11224,278,7,0.45777958244747996
2021-09-05 00:00:30.087,100,0,8,11231,279,7,0.45910211988272526
2021-09-05 00:00:30.234,50,50,8,11164,274,7,0.4617111489505542
2021-09-05 00:00:30.327,0,100,8,11097,269,7,0.4633277214516958
2021-09-05 00:00:30.454,3,50,8,10563,264,7,0.46549569983390393
2021-09-05 00:00:30.567,6,0,8,10029,259,7,0.4673962374604816
2021-09-05 00:00:30.655,13,0,8,10016,255,7,0.46886358342262047
2021-09-05 00:00:30.807,21,0,8,10003,252,7,0.4713547935771381
2021-09-05 00:00:30.875,45,0,8,10566,246,7,0.4724413320780061
2021-09-05 00:00:31.047,70,0,8,11129,241,6,0.4751405555775913
2021-09-05 00:00:31.095,79,0,8,11112,240,6,0.4758938157366771
2021-09-05 00:00:31.287,89,0,8,11096,240,6,0.47891060902202603
2021-09-05 00:00:31.314,87,0,8,11051,240,6,0.47933464021756256
2021-09-05 00:00:31.527,85,0,8,11006,240,6,0.4826806624664607
2021-09-05 00:00:31.534,90,0,8,11040,240,6,0.48279087115180247
2021-09-05 00:00:31.754,95,0,8,11075,240,6,0.4862614514503184
2021-09-05 00:00:31.767,100,0,8,11110,241,6,0.4864664244669139
2021-09-05 00:00:31.974,100,0,8,11132,241,6,0.4897294550727999
2021-09-05 00:00:32.007,100,0,8,11154,241,6,0.49025218646736707
2021-09-05 00:00:32.194,100,0,8,11199,242,6,0.49323438157520305
2021-09-05 00:00:32.247,100,0,8,11244,244,6,0.49408507413587566
2021-09-05 00:00:32.414,100,0,8,11312,245,6,0.49678012309629427
2021-09-05 00:00:32.487,100,0,8,11380,247,6,0.4979650874724397
2021-09-05 00:00:32.634,100,0,8,11401,248,6,0.500363973960214
2021-09-05 00:00:32.727,100,0,8,11423,250,6,0.5018922264770592
2021-09-05 00:00:32.854,100,0,8,11497,251,6,0.5039940072041613
2021-09-05 00:00:32.967,100,0,8,11572,253,6,0.5058664911497341
2021-09-05 00:00:33.074,50,50,8,11394,250,6,0.5076322640240243
2021-09-05 00:00:33.207,1,100,8,11217,247,6,0.5097465044862982
2021-09-05 00:00:33.294,0,100,8,10729,232,6,0.5110301062431546
2021-09-05 00:00:33.447,0,100,8,10242,218,6,0.5131709696983264
2021-09-05 00:00:33.514,0,100,8,10220,213,6,0.5141060047900246
2021-09-05 00:00:33.687,0,100,8,10199,208,5,0.5164383493501699
2021-09-05 00:00:33.734,0,100,8,10386,192,5,0.5170174156620829
2021-09-05 00:00:33.926,0,100,8,10574,176,4,0.519191535601675
2021-09-05 00:00:33.954,0,100,8,10199,171,4,0.5194999522227353
2021-09-05 00:00:34.166,1,100,8,9825,166,4,0.5217991559007423
2021-09-05 00:00:34.174,1,100,8,9668,164,4,0.5218849608696325
2021-09-05 00:00:34.394,2,100,8,9511,162,4,0.5242056161183581
2021-09-05 00:00:34.406,3,100,8,9354,161,4,0.5243282334197172
2021-09-05 00:00:34.614,4,50,8,9291,155,4,0.5263790631749771
2021-09-05 00:00:34.646,6,0,8,9228,150,4,0.526684516822489
2021-09-05 00:00:34.834,6,0,8,9007,146,4,0.5284364453494952
2021-09-05 00:00:34.886,6,0,8,8786,142,4,0.5289151317771128
2021-09-05 00:00:35.054,4,0,8,8653,140,4,0.5304534358940023
2021-09-05 00:00:35.126,2,0,8,8521,139,4,0.5310986210636813
2021-09-05 00:00:35.274,25,0,8,8513,136,4,0.5323878829972057
2021-09-05 00:00:35.366,48,0,8,8506,133,4,0.5331878590141388
2021-09-05 00:00:35.494,49,0,8,8576,134,4,0.5343203741120054
2021-09-05 00:00:35.606,50,0,8,8646,136,4,0.5353242226326518
2021-09-05 00:00:35.714,52,0,8,8736,137,4,0.5362991392963927
2021-09-05 00:00:35.846,54,0,8,8827,139,4,0.5375077119192203
2021-09-05 00:00:35.934,59,0,8,9007,141,4,0.538329475082553
2021-09-05 00:00:36.086,64,0,8,9187,144,4,0.5397697439858811
2021-09-05 00:00:36.154,70,0,8,9269,145,4,0.5404169713194159
2021-09-05 00:00:36.287,76,0,8,9352,147,4,0.5417036635887058
2021-09-05 00:00:36.374,81,0,8,9625,152,4,0.5425781559013212
2021-09-05 00:00:36.527,86,0,8,9898,157,4,0.5441699068836069
2021-09-05 00:00:36.594,93,0,8,10210,161,4,0.544881933447402
2021-09-05 00:00:36.767,100,0,8,10523,165,4,0.5467618186266557
2021-09-05 00:00:36.814,100,0,8,10787,169,4,0.5472829164332617
2021-09-05 00:00:37.007,100,0,8,11051,173,4,0.5494793988178525
2021-09-05 00:00:37.034,100,0,8,11206,176,4,0.549796287948953
2021-09-05 00:00:37.235,100,0,8,11361,180,4,0.5522224951903606
2021-09-05 00:00:37.247,100,0,8,11517,184,4,0.5523697731252524
2021-09-05 00:00:37.455,100,0,8,11725,187,4,0.5549620561723607
2021-09-05 00:00:37.487,100,0,8,11933,191,4,0.5553701073247816
2021-09-05 00:00:37.675,100,0,8,11957,195,4,0.5578217376616844
2021-09-05 00:00:37.727,100,0,8,11981,200,4,0.5585118185284773
2021-09-05 00:00:37.894,100,0,8,11337,203,4,0.5607554682260848
2021-09-05 00:00:37.967,100,0,8,10693,206,5,0.5617477810682838
2021-09-05 00:00:38.114,100,0,8,10946,208,5,0.5637658396104659
2021-09-05 00:00:38.207,100,0,8,11199,211,5,0.5650622863881826
2021-09-05 00:00:38.334,100,50,8,11319,214,5,0.5668626903442335
2021-09-05 00:00:38.447,100,100,8,11439,217,5,0.5684710430441923
2021-09-05 00:00:38.554,50,100,8,11020,215,5,0.5699818539777501
2021-09-05 00:00:38.687,0,100,8,10601,213,5,0.5718169654761281
2021-09-05 00:00:38.774,0,100,8,10458,205,5,0.5729726687827078
2021-09-05 00:00:38.927,0,100,8,10315,197,5,0.5749115510117683
2021-09-05 00:00:38.994,0,100,8,10450,187,5,0.5757186719355445
2021-09-05 00:00:39.167,0,100,8,10585,178,4,0.5777076739830574
2021-09-05 00:00:39.214,0,100,8,10160,172,4,0.5782342348683207
2021-09-05 00:00:39.407,0,100,8,9735,167,4,0.5803310028381432
2021-09-05 00:00:39.434,1,50,8,9486,161,4,0.5806137654209242
2021-09-05 00:00:39.647,2,0,8,9238,156,4,0.5827815375770258
2021-09-05 00:00:39.654,2,0,8,9235,155,4,0.5828527161571695
2021-09-05 00:00:39.874,2,0,8,9232,155,4,0.585087368906983
2021-09-05 00:00:39.887,3,0,8,9229,155,4,0.5852163637598898
2021-09-05 00:00:40.094,3,0,8,8977,151,4,0.587212368085576
2021-09-05 00:00:40.127,3,0,8,8725,147,4,0.5875255214946061
2021-09-05 00:00:40.314,3,0,8,8587,145,4,0.5892841297300078
2021-09-05 00:00:40.367,4,0,8,8449,143,4,0.5897718450052485
2021-09-05 00:00:40.534,5,0,8,8465,140,4,0.5912714231070642
2021-09-05 00:00:40.607,6,0,8,8482,137,4,0.59192391717978
2021-09-05 00:00:40.754,28,0,8,8613,137,4,0.593248905754402
2021-09-05 00:00:40.846,50,0,8,8744,138,4,0.5940826654906193
2021-09-05 00:00:40.974,53,0,8,8864,139,4,0.5952457808489232
2021-09-05 00:00:41.086,57,0,8,8985,140,4,0.5962818633332063
2021-09-05 00:00:41.194,59,0,8,9077,143,4,0.5973092280325847
2021-09-05 00:00:41.326,62,0,8,9170,147,4,0.5985910210679225
2021-09-05 00:00:41.414,70,0,8,9428,149,4,0.599453094117299
2021-09-05 00:00:41.566,78,0,8,9686,151,4,0.6009630130267126
2021-09-05 00:00:41.634,83,0,8,9929,154,4,0.6016511347100978
2021-09-05 00:00:41.806,88,0,8,10172,158,4,0.6034449648776321
2021-09-05 00:00:41.854,94,0,8,10553,164,4,0.6039667816431286
2021-09-05 00:00:42.046,100,0,8,10935,171,4,0.6061311279567918
2021-09-05 00:00:42.074,100,0,8,11174,175,4,0.6064523390464958
2021-09-05 00:00:42.286,100,0,8,11414,179,4,0.6089429594840994
2021-09-05 00:00:42.294,100,0,8,11532,183,4,0.6090403471608753
2021-09-05 00:00:42.514,100,0,8,11650,187,4,0.6117933772478864
2021-09-05 00:00:42.526,100,0,8,11768,191,4,0.6119432936836288
2021-09-05 00:00:42.727,100,0,8,11896,191,4,0.6144560735757346
2021-09-05 00:00:42.734,100,0,8,11647,195,4,0.6145464556201845
2021-09-05 00:00:42.954,100,0,8,11398,200,4,0.6174993215185741
2021-09-05 00:00:42.967,100,0,8,11150,205,5,0.6176763275595226
2021-09-05 00:00:43.174,100,0,8,11213,207,5,0.6205131819355862
2021-09-05 00:00:43.207,100,0,14,11276,210,5,0.6209751243234028
2021-09-05 00:00:43.394,100,0,14,11468,215,5,0.6236571808670186
2021-09-05 00:00:43.447,100,0,12,11661,220,5,0.6244310066474681
2021-09-05 00:00:43.614,100,0,12,11661,223,5,0.6268994602780463
2021-09-05 00:00:43.687,100,0,12,11661,227,5,0.6279968488636627
2021-09-05 00:00:43.815,100,0,12,11145,231,5,0.6299515726414748
2021-09-05 00:00:43.927,100,0,12,10630,235,6,0.631688359528005
2021-09-05 00:00:44.035,100,0,12,10889,238,6,0.6333821397832552
2021-09-05 00:00:44.167,100,0,12,11149,241,6,0.6354741215284582
2021-09-05 00:00:44.255,100,0,12,11269,243,6,0.6368794991468997
2021-09-05 00:00:44.407,100,0,12,11390,246,6,0.6393384263090038
2021-09-05 00:00:44.474,100,0,12,11505,250,6,0.6404415545261232
2021-09-05 00:00:44.647,100,0,12,11620,254,6,0.6433283995376972
2021-09-05 00:00:44.694,100,0,12,11648,255,6,0.6441151671781086
2021-09-05 00:00:44.887,100,0,12,11676,257,6,0.6473654984344459
2021-09-05 00:00:44.914,100,0,12,11160,260,6,0.6478256085497572
2021-09-05 00:00:45.127,100,0,12,10644,263,7,0.6514968486673056
2021-09-05 00:00:45.134,100,0,12,10696,264,7,0.6516181395081565
2021-09-05 00:00:45.354,100,0,12,10748,265,7,0.65544754261774
2021-09-05 00:00:45.367,100,0,12,10801,266,7,0.6556753245682209
2021-09-05 00:00:45.574,100,0,12,10865,268,7,0.6593289534264615
2021-09-05 00:00:45.607,100,0,12,10930,270,7,0.6599166346932098
2021-09-05 00:00:45.794,100,0,12,11030,272,7,0.6632746191923086
2021-09-05 00:00:45.887,100,0,12,11131,275,7,0.6649564630824715
2021-09-05 00:00:46.014,100,0,12,11216,276,7,0.6672618026162228
2021-09-05 00:00:46.127,100,0,12,11301,278,7,0.6693234416556084
2021-09-05 00:00:46.234,100,0,12,11259,279,7,0.6712862475920992
2021-09-05 00:00:46.367,100,0,12,11217,281,7,0.6737375458968008
2021-09-05 00:00:46.454,100,0,12,11344,282,7,0.6753458559723873
2021-09-05 00:00:46.607,100,0,12,11471,283,7,0.6781830672500301
2021-09-05 00:00:46.674,100,0,12,11494,284,7,0.6794287722641503
2021-09-05 00:00:46.887,100,0,12,11518,285,7,0.6834061621261739
2021-09-05 00:00:46.894,100,0,12,11530,286,7,0.683537487567676
2021-09-05 00:00:47.114,100,0,12,11543,287,7,0.6876842708095812
2021-09-05 00:00:47.127,100,0,12,11556,288,7,0.6879302262594956
2021-09-05 00:00:47.334,100,0,12,11551,289,7,0.6918579194992709
2021-09-05 00:00:47.366,100,0,12,11546,290,7,0.6924667263329986
2021-09-05 00:00:47.554,100,0,12,11702,291,7,0.6960540941894986
2021-09-05 00:00:47.606,100,0,12,11858,292,7,0.6970536246903941
2021-09-05 00:00:47.774,100,0,12,11801,293,7,0.700305937632057
2021-09-05 00:00:47.846,100,0,12,11744,295,7,0.7016876487158452
2021-09-05 00:00:47.994,50,50,12,11520,288,7,0.7044741532721583
2021-09-05 00:00:48.086,0,100,8,11296,281,7,0.7061017529570376
2021-09-05 00:00:48.214,0,100,8,10767,260,7,0.7081714048350026
2021-09-05 00:00:48.326,0,100,8,10238,239,7,0.7098560978454537
2021-09-05 00:00:48.434,0,100,8,10395,227,7,0.7114158079230947
2021-09-05 00:00:48.566,0,100,8,10553,215,7,0.7132334373894265
2021-09-05 00:00:48.654,0,100,8,10724,204,7,0.7143893512684376
2021-09-05 00:00:48.806,0,100,8,10896,193,7,0.7162651887009928
2021-09-05 00:00:48.874,0,100,8,10406,180,7,0.7170456142474626
2021-09-05 00:00:49.046,0,100,8,9916,167,5,0.7188885175560785
2021-09-05 00:00:49.094,0,100,8,9462,160,5,0.7193830487839294
2021-09-05 00:00:49.247,0,100,8,9009,153,4,0.7209013726528962
2021-09-05 00:00:49.314,0,100,8,8714,146,4,0.7215338345772472
2021-09-05 00:00:49.527,0,100,8,8419,139,4,0.7234487768205594
2021-09-05 00:00:49.534,0,66,8,8316,137,4,0.7235109029857206
2021-09-05 00:00:49.754,0,33,8,8213,135,4,0.7254418432451487
2021-09-05 00:00:49.767,0,0,8,8111,134,4,0.7255537233270354
2021-09-05 00:00:49.974,0,0,8,7956,131,4,0.7272944408450397
2021-09-05 00:00:50.007,0,0,8,7801,128,4,0.7275644184974006
2021-09-05 00:00:50.194,10,0,8,7676,125,4,0.7290593071474276
2021-09-05 00:00:50.247,21,0,8,7552,122,4,0.7294808623316549
2021-09-05 00:00:50.395,30,0,8,7670,122,4,0.7306649075809442
2021-09-05 00:00:50.487,40,0,8,7788,123,4,0.7314130147219278
2021-09-05 00:00:50.615,51,0,8,7957,125,4,0.7324755888127072
2021-09-05 00:00:50.727,63,0,8,8127,128,4,0.7334237098922929
2021-09-05 00:00:50.835,32,50,8,8331,129,4,0.7343523431206034
2021-09-05 00:00:50.967,2,100,8,8535,131,4,0.7354815307307137
2021-09-05 00:00:51.054,1,50,8,8610,128,4,0.736204404187965
2021-09-05 00:00:51.207,0,0,8,8685,125,3,0.7374451002330232
2021-09-05 00:00:51.274,0,0,8,8621,123,3,0.7379825693252706
2021-09-05 00:00:51.487,0,0,8,8557,121,3,0.7396626247242984
2021-09-05 00:00:51.494,0,0,8,8459,119,3,0.7397168144175778
2021-09-05 00:00:51.714,0,0,8,8361,117,3,0.7413876683913128
2021-09-05 00:00:51.727,0,0,8,8264,116,3,0.7414848172224419
2021-09-05 00:00:51.934,1,0,8,8060,114,3,0.7430074354159849
2021-09-05 00:00:51.967,3,0,8,7857,112,3,0.7432441754965114
2021-09-05 00:00:52.154,4,0,8,7987,109,3,0.7445547721248484
2021-09-05 00:00:52.207,6,0,8,8118,107,3,0.7449249909904886
2021-09-05 00:00:52.374,23,0,8,8135,107,3,0.7461016428582631
2021-09-05 00:00:52.447,41,0,8,8152,108,3,0.7466215150404842
2021-09-05 00:00:52.594,43,0,8,8423,109,3,0.7476798282199351
2021-09-05 00:00:52.687,45,0,8,8694,111,3,0.7483651647585353
2021-09-05 00:00:52.814,47,0,8,8941,114,3,0.7493278677639369
2021-09-05 00:00:52.927,49,0,8,9188,117,3,0.7502030658126972
2021-09-05 00:00:53.034,55,0,8,9246,119,3,0.7510421685354364
2021-09-05 00:00:53.167,62,0,8,9304,121,3,0.7521038010909331
2021-09-05 00:00:53.254,65,0,8,9708,124,3,0.7528127136052866
2021-09-05 00:00:53.407,69,0,8,10113,127,3,0.7540987877052798
2021-09-05 00:00:53.474,77,0,8,10410,132,3,0.754684569835766
2021-09-05 00:00:53.647,85,0,8,10707,137,3,0.7562508598798113
2021-09-05 00:00:53.694,86,0,8,11043,141,3,0.7566851889350116
2021-09-05 00:00:53.887,88,0,8,11379,145,3,0.7585286005024906
2021-09-05 00:00:53.914,94,0,8,10889,152,3,0.7587995200696627
2021-09-05 00:00:54.126,100,0,8,10399,160,4,0.761031497094768
2021-09-05 00:00:54.134,100,0,8,10500,163,4,0.7611182655612626
2021-09-05 00:00:54.354,100,0,8,10602,166,4,0.7635524983251498
2021-09-05 00:00:54.366,100,0,8,10704,169,4,0.7636862430618909
2021-09-05 00:00:54.574,100,0,8,10957,171,4,0.766028234147197
2021-09-05 00:00:54.606,100,0,8,11211,173,4,0.7664038232530875
2021-09-05 00:00:54.794,100,0,8,11529,181,4,0.7687157681723678
2021-09-05 00:00:54.846,100,0,8,11848,189,4,0.7693727403405799
2021-09-05 00:00:55.014,100,0,8,11533,193,4,0.7715248126786324
2021-09-05 00:00:55.086,100,0,8,11219,197,4,0.7724673258762201
2021-09-05 00:00:55.234,100,0,8,11058,201,4,0.7744496083335877
2021-09-05 00:00:55.326,100,0,8,10897,206,5,0.7757032884160265
2021-09-05 00:00:55.454,100,0,8,11050,209,5,0.7774667692936796
2021-09-05 00:00:55.566,100,0,8,11204,212,5,0.779033502291944
2021-09-05 00:00:55.674,100,0,8,11374,215,5,0.7805693940741747
2021-09-05 00:00:55.806,100,0,8,11545,219,5,0.7824736760599906
2021-09-05 00:00:55.894,100,0,8,11687,221,5,0.7837550934110721
2021-09-05 00:00:56.007,100,0,8,11830,224,5,0.7854206011690571
2021-09-05 00:00:56.114,100,0,8,11710,227,5,0.7870263074288876
2021-09-05 00:00:56.247,100,0,8,11591,231,5,0.7890492776093255
2021-09-05 00:00:56.334,100,0,8,11145,233,5,0.7903802423709757
2021-09-05 00:00:56.487,100,0,8,10700,235,6,0.7927407882736678
2021-09-05 00:00:56.554,100,0,8,10827,237,6,0.7937856047915106
2021-09-05 00:00:56.727,100,0,8,10955,240,6,0.7965108417181025
2021-09-05 00:00:56.774,100,0,8,11083,242,6,0.797256218392865
2021-09-05 00:00:56.967,100,0,8,11211,244,6,0.8003437293866112
2021-09-05 00:00:56.975,66,33,8,11085,244,6,0.800472965069086
2021-09-05 00:00:57.195,33,66,8,10959,245,6,0.8040377583195537
2021-09-05 00:00:57.247,0,100,8,10834,246,6,0.8048520849639144
2021-09-05 00:00:57.415,0,100,8,10495,236,6,0.8073682566278402
2021-09-05 00:00:57.487,1,100,8,10157,226,6,0.8084022186240902
2021-09-05 00:00:57.634,1,50,8,9910,218,6,0.810442903938614
2021-09-05 00:00:57.727,2,0,8,9663,211,6,0.8117167239439891
2021-09-05 00:00:57.854,13,0,8,10206,210,6,0.8134628833704801
2021-09-05 00:00:57.967,24,0,8,10750,209,5,0.814999812151851
2021-09-05 00:00:58.074,22,0,8,10551,205,5,0.8164225014231632
2021-09-05 00:00:58.207,21,0,8,10352,201,5,0.818157231911565
2021-09-05 00:00:58.294,35,0,8,10329,198,5,0.8192794261570209
2021-09-05 00:00:58.447,50,0,8,10307,196,5,0.8212361088911867
2021-09-05 00:00:58.514,61,0,8,10356,195,5,0.8220903670312307
2021-09-05 00:00:58.687,72,0,8,10406,195,5,0.8242992773147899
2021-09-05 00:00:58.734,77,0,8,10476,196,5,0.8249042206471656
2021-09-05 00:00:58.954,82,0,8,10546,197,5,0.8277588609545334
2021-09-05 00:00:58.967,87,0,8,10616,198,5,0.8279279537550583
2021-09-05 00:00:59.174,88,0,8,10722,199,5,0.8306316949333539
2021-09-05 00:00:59.207,90,0,8,10828,200,5,0.8310696649587539
2021-09-05 00:00:59.394,95,0,8,10979,203,5,0.8335972614851671
2021-09-05 00:00:59.447,100,0,8,11130,207,5,0.8343213360545788
2021-09-05 00:00:59.614,100,0,8,11178,209,5,0.8366165938429345
2021-09-05 00:00:59.687,100,0,8,11226,211,5,0.8376358413744777
2021-09-05 00:00:59.834,100,0,8,11396,215,5,0.839728348013151
2021-09-05 00:00:59.967,100,0,8,11566,219,5,0.8416493774371988
2021-09-05 00:01:00.054,100,0,8,11751,221,5,0.8429116902451533
2021-09-05 00:01:00.207,100,0,8,11937,223,5,0.8451523854293193
2021-09-05 00:01:00.274,100,0,8,11289,226,5,0.8461477150083796
2021-09-05 00:01:00.447,100,0,8,10642,229,5,0.8487496447575508
2021-09-05 00:01:00.494,100,0,8,10740,231,5,0.84946081123573
2021-09-05 00:01:00.687,100,0,8,10839,233,6,0.8524097383098562
2021-09-05 00:01:00.714,100,0,8,10930,236,6,0.8528286118725984
2021-09-05 00:01:00.926,100,0,8,11021,240,6,0.8561640831982723
2021-09-05 00:01:00.934,100,0,8,11057,241,6,0.8562907375283755
2021-09-05 00:01:01.154,100,0,8,11093,242,6,0.8597893932927498
2021-09-05 00:01:01.166,100,0,8,11130,243,6,0.8599812623107626
2021-09-05 00:01:01.374,100,0,8,11235,244,6,0.8633267506672532
2021-09-05 00:01:01.406,100,0,8,11341,246,6,0.8638455670913081
2021-09-05 00:01:01.594,100,0,8,11401,248,6,0.866917280950064
2021-09-05 00:01:01.646,100,0,8,11462,250,6,0.8677727060959276
2021-09-05 00:01:01.814,100,0,8,11500,251,6,0.8705509918326509
2021-09-05 00:01:01.886,100,0,8,11538,253,6,0.8717469707686025
2021-09-05 00:01:02.034,100,0,8,11477,254,6,0.8742135577810988
2021-09-05 00:01:02.126,100,0,8,11416,255,6,0.8757526525533145
2021-09-05 00:01:02.254,100,0,8,10926,256,6,0.8779016502894244
2021-09-05 00:01:02.366,100,0,8,10436,257,7,0.8797897514500633
2021-09-05 00:01:02.474,100,0,8,10479,258,7,0.8816175859122874
2021-09-05 00:01:02.567,100,0,8,10522,259,7,0.8831971336074216
2021-09-05 00:01:02.694,100,0,8,10576,260,7,0.8853623966386757
2021-09-05 00:01:02.807,100,0,8,10630,261,7,0.8872970667282442
2021-09-05 00:01:02.914,100,0,8,10623,262,7,0.889136089739526
2021-09-05 00:01:03.047,100,0,8,10616,263,7,0.8914284169611039
2021-09-05 00:01:03.134,100,0,8,10666,263,7,0.8929294674682836
2021-09-05 00:01:03.287,100,0,8,10716,264,7,0.8955754757499822
2021-09-05 00:01:03.354,100,0,8,10748,264,7,0.8967386023037439
2021-09-05 00:01:03.555,100,0,8,10780,265,7,0.9002409667412319
2021-09-05 00:01:03.567,100,0,8,10813,266,7,0.9004503643010499
2021-09-05 00:01:03.775,100,0,8,10823,266,7,0.9040844208660503
2021-09-05 00:01:03.807,100,0,8,10834,267,7,0.9046445487579834
2021-09-05 00:01:03.995,100,0,8,10846,267,7,0.9079413200123588
2021-09-05 00:01:04.047,100,0,8,10859,268,7,0.9088544417709354
2021-09-05 00:01:04.214,100,0,8,10865,268,7,0.9117905751593436
2021-09-05 00:01:04.287,100,0,8,10872,269,7,0.9130800433399061
2021-09-05 00:01:04.434,100,0,8,10968,270,7,0.9156924059568384
2021-09-05 00:01:04.527,100,0,8,11065,272,7,0.917352770576932
2021-09-05 00:01:04.654,100,0,8,11042,273,7,0.9196267935279355
2021-09-05 00:01:04.767,100,0,14,11019,274,7,0.9216569149259951
2021-09-05 00:01:04.874,100,0,14,11120,275,7,0.9235853592738031
2021-09-05 00:01:05.047,100,0,12,11222,276,7,0.9267150699639448
2021-09-05 00:01:05.094,100,0,12,11225,277,7,0.9275675871577955
2021-09-05 00:01:05.287,100,0,12,11229,278,7,0.9310820485370819
2021-09-05 00:01:05.314,100,0,12,11274,279,7,0.93157630674906
2021-09-05 00:01:05.527,100,0,12,11319,281,7,0.9354961527782741
2021-09-05 00:01:05.534,100,0,12,11362,281,7,0.9356254017975195
2021-09-05 00:01:05.754,100,0,12,11405,282,7,0.9397000600837663
2021-09-05 00:01:05.767,100,0,12,11448,283,7,0.9399416741315035
2021-09-05 00:01:05.974,100,0,12,11462,284,7,0.943800962661694
2021-09-05 00:01:06.047,100,0,12,11477,285,7,0.9451647690076472
2021-09-05 00:01:06.194,100,0,12,11475,285,7,0.9479131964550671
2021-09-05 00:01:06.287,100,0,12,11474,286,7,0.9496574160289322
2021-09-05 00:01:06.414,100,0,12,11347,287,7,0.9520495819738626
2021-09-05 00:01:06.527,100,0,12,11221,288,7,0.9541814801622538
2021-09-05 00:01:06.634,100,0,12,10891,288,7,0.9561980388223531
2021-09-05 00:01:06.767,100,0,12,10561,288,8,0.9587055442955756
2021-09-05 00:01:06.854,100,0,12,10513,288,8,0.9603491094268233
2021-09-05 00:01:07.007,100,0,12,10465,289,8,0.9632453169849157
2021-09-05 00:01:07.074,100,0,12,10503,289,8,0.9645155316244132
2021-09-05 00:01:07.247,100,0,12,10542,290,8,0.9678007982302742
2021-09-05 00:01:07.294,100,0,12,10504,290,8,0.968694688821371
2021-09-05 00:01:07.486,100,0,12,10466,291,8,0.9723529414074791
2021-09-05 00:01:07.514,100,0,12,10527,291,8,0.9728874517610655
2021-09-05 00:01:07.726,100,0,12,10589,292,8,0.9769398397648745
2021-09-05 00:01:07.734,100,0,12,10570,292,8,0.9770927341730932
2021-09-05 00:01:07.954,100,0,12,10552,292,8,0.9812971029683306
2021-09-05 00:01:07.966,100,0,12,10534,292,8,0.9815267381222702
2021-09-05 00:01:08.174,100,0,12,10540,292,8,0.9855145747982827
2021-09-05 00:01:08.206,100,0,12,10547,293,8,0.9861293450356842
2021-09-05 00:01:08.394,100,0,12,10566,293,8,0.9897468780589402
2021-09-05 00:01:08.446,100,0,12,10586,294,8,0.9907476605051165
2021-09-05 00:01:08.614,100,0,12,10636,294,8,0.9939794445529774
2021-09-05 00:01:08.686,100,0,12,10686,294,8,0.9953659759745491
2021-09-05 00:01:08.834,100,0,12,10674,294,8,0.9982213961364403
2021-09-05 00:01:08.885,100,0,12,10668,294,8,0.9992070213163342
